barcode,dataset_table9,dataset_role,policy_table9,window_k,window_cycle_start,window_cycle_end,expected_cycle_count,QDischarge_valid_count,QDischarge_valid_ratio,QCharge_valid_count,QCharge_valid_ratio,IR_valid_count,IR_valid_ratio,Tmax_valid_count,Tmax_valid_ratio,Tavg_valid_count,Tavg_valid_ratio,Tmin_valid_count,Tmin_valid_ratio,chargetime_valid_count,chargetime_valid_ratio,QDischarge_end,QDischarge_mean,QDischarge_slope,QDischarge_std,QDischarge_delta_cycle2_to_k,QCharge_mean,QCharge_slope,QCharge_delta_cycle2_to_k,IR_end,IR_mean,IR_slope,IR_delta_cycle2_to_k,Tmax_mean,Tavg_mean,Tmin_mean,chargetime_mean,chargetime_slope
EL150800440551,Train,Train,4.4C(55%)-6C,5,2,5,4,4,1,4,1,4,1,4,1,4,1,4,1,4,1,1.0496798,1.048711525,0.00059979,0.000708563089552,0.0016425,1.048790875,0.00049285,0.0012092,0.017613361,0.0178061545,-0.0001287488,-0.000315578,34.78134075,32.3637486026,29.91106125,10.32908125,0.0187485
EL150800453113,Train,Train,5.4C(50%)-3C,5,2,5,4,4,1,4,1,4,1,4,1,4,1,4,1,4,1,1.0646247,1.063054575,0.00114867,0.00129832595171,0.0035011,1.062228425,0.00116231,0.0035584,0.017060056,0.01713278225,-3.53919e-05,-0.000107991,36.789646,33.1614143065,30.01009375,10.8062995833,0.000552166666676
EL150800453240,Prim. Test,Primary,5.4C(60%)-3C,5,2,5,4,4,1,4,1,4,1,4,1,4,1,4,1,4,1,1.0678893,1.067066575,0.00057773,0.000647162141101,0.0017188,1.066924825,0.00068099,0.0020743,0.019886132,0.019886132,0,0,35.14070025,31.3528702022,29.86211,9.95774458333,-0.000563166666677
EL150800453773,Train,Train,6C(60%)-3C,5,2,5,4,4,1,4,1,4,1,4,1,4,1,4,1,4,1,1.0748016,1.074024725,0.00058803,0.000680808182879,0.0018503,1.07443275,0.00052766,0.0016773,0.016186936,0.016211968,-2.52326e-05,-7.3418e-05,36.65639325,33.5246015438,30.47705325,10.25518875,0.0252755
EL150800460436,Prim. Test,Primary,6C(50%)-3C,5,2,5,4,4,1,4,1,4,1,4,1,4,1,4,1,4,1,1.0951551,1.094023125,0.00087777,0.00100218297824,0.0026643,1.09392715,0.00080104,0.0024246,0.016506692,0.01654050475,-2.87339e-05,-8.5136e-05,37.2887765,33.4947749002,30.342914,10.1379545833,-0.0333791666667
EL150800460449,Prim. Test,Primary,4C(4%)-4.85C,5,2,5,4,4,1,4,1,4,1,4,1,4,1,4,1,4,1,1.0808921,1.0796972,0.0009241,0.00105727043135,0.0028237,1.07911775,0.00047984,0.0013502,0.01703733,0.01710133575,-4.46497e-05,-0.000126835,36.72599225,32.8240662047,30.37198025,10.1183870833,0.00833149999994
EL150800460451,Prim. Test,Primary,3.6C(9%)-5C,5,2,5,4,4,1,4,1,4,1,4,1,4,1,4,1,4,1,1.0720686,1.0708015,0.0010029,0.00114694807424,0.0030165,1.0697258,0.00105504,0.0031876,0.017997704,0.0181644065,-8.66158e-05,-0.000268069,38.16032875,33.0277518032,29.9713385,10.1066,-0.000950333333264
EL150800460466,Train,Train,4C(13%)-5C,5,2,5,4,4,1,4,1,4,1,4,1,4,1,4,1,4,1,1.0743829,1.073241375,0.00090539,0.001032231489,0.0026782,1.071982225,0.00087373,0.0025322,0.017429633,0.0175366275,-6.59616e-05,-0.000177158,36.80800625,33.1111305539,30.48606375,10.1070941667,-1.79999999574e-05
EL150800460468,Prim. Test,Primary,5.4C(40%)-3.6C,5,2,5,4,4,1,4,1,4,1,4,1,4,1,4,1,4,1,1.0847102,1.083900025,0.00057521,0.000645802858367,0.001736,1.083228825,0.00077369,0.0023796,0.016898464,0.01693466775,-2.35269e-05,-7.9763e-05,35.89888475,32.5960716752,30.41251875,11.2079916667,-4.69999999856e-05
EL150800460473,Prim. Test,Primary,6C(20%)-4.5C,5,2,5,4,4,1,4,1,4,1,4,1,4,1,4,1,4,1,1.0810982,1.07992045,0.00101786,0.00119363048407,0.0030743,1.07998195,0.00101122,0.0030434,0.0170926,0.01725893125,-8.51373e-05,-0.000301857,37.329914,33.0070911814,30.2250495,10.1179383333,-0.0246483333333
EL150800460474,Prim. Test,Primary,6C(40%)-4C,5,2,5,4,4,1,4,1,4,1,4,1,4,1,4,1,4,1,1.0738072,1.072496625,0.00094289,0.00106964098738,0.0029202,1.07239115,0.00098682,0.0030345,0.017448261,0.0175807475,-5.77338e-05,-0.000167629,37.2754515,33.0215175612,30.51181425,10.1387295833,-0.000176500000017
EL150800460477,Prim. Test,Primary,5.4C(70%)-3C,5,2,5,4,4,1,4,1,4,1,4,1,4,1,4,1,4,1,1.0818073,1.080740975,0.00083007,0.000947791995574,0.0025139,1.08090715,0.00074538,0.002251,0.016862378,0.01689535125,-2.61563e-05,-7.5437e-05,34.59586975,31.8872736552,29.81649875,11.451155,0.025037
EL150800460478,Train,Train,4.4C(24%)-5C,5,2,5,4,4,1,4,1,4,1,4,1,4,1,4,1,4,1,1.0722336,1.06944775,0.00204934,0.00239750076277,0.0065868,1.0688399,0.00175598,0.0048562,0.017986769,0.01777642975,2.95735e-05,0.000206705,33.354287,31.1532847047,29.21251075,10.17632875,-0.0275231666667
EL150800460480,Prim. Test,Primary,4.4C(47%)-5.5C,5,2,5,4,4,1,4,1,4,1,4,1,4,1,4,1,4,1,1.0655496,1.06507775,0.00063654,0.000838398155711,0.0017116,1.06501345,0.0006324,0.0017027,0.017314211,0.0175804245,-0.000109747,-0.000222312,37.1741455,32.6729920571,29.89877675,10.1764879167,-0.00503349999999
EL150800460481,Prim. Test,Primary,6C(40%)-3.6C,5,2,5,4,4,1,4,1,4,1,4,1,4,1,4,1,4,1,1.0971971,1.096124775,0.00084661,0.000969039556404,0.0025579,1.0960922,0.0008091,0.0024393,0.016881218,0.0169090455,-2.43044e-05,-7.1036e-05,30.598162,30.3190350434,30.04502625,10.09708875,-0.000100500000002
EL150800460485,Train,Train,7C(40%)-3.6C,5,2,5,4,4,1,4,1,4,1,4,1,4,1,4,1,4,1,1.0872587,1.08622345,0.00081928,0.000940456268255,0.0024905,1.0864779,0.00077926,0.0023711,0.017351789,0.01739120025,-2.94511e-05,-8.4609e-05,35.24601175,32.3937228063,29.91338425,10.2835754167,0.0082325
EL150800460486,Train,Train,3.6C(80%)-3.6C,5,2,5,4,4,1,4,1,4,1,4,1,4,1,4,1,4,1,1.0781505,1.076840575,0.00092337,0.00104248061942,0.0028493,1.07659515,0.0008763,0.0026999,0.016915262,0.0169730745,-4.52106e-05,-0.000123569,34.5074145,31.72824097,29.95126475,13.404875,0.00844200000001
EL150800460492,Prim. Test,Primary,5.2C(66%)-3.5C,5,2,5,4,4,1,4,1,4,1,4,1,4,1,4,1,4,1,1.072331,1.070563775,0.00126567,0.00145899934951,0.0034801,1.0705191,0.00123426,0.003734,0.01758872,0.01762511375,-4.07731e-05,-7.3703e-05,37.36299925,33.3526553848,30.84050375,10.1600458333,-0.0253833333334
EL150800460498,Train,Train,6C(31%)-4.25C,5,2,5,4,4,1,4,1,4,1,4,1,4,1,4,1,4,1,1.076982,1.07555085,0.00111694,0.00128141282478,0.0034174,1.07537715,0.00110318,0.0033428,0.017937675,0.0180761545,-6.37566e-05,-0.000190005,37.24007725,32.956483334,30.47621175,10.1374608333,0.0166583333333
EL150800460501,Train,Train,4.65C(69%)-6C,5,2,5,4,4,1,4,1,4,1,4,1,4,1,4,1,4,1,1.0769193,1.0762382,0.00079816,0.00103187743943,0.0023984,1.07596765,0.00082482,0.0024649,0.017632106,0.0176937915,-9.02316e-05,-0.00024492,35.65245425,32.1532845965,30.00347575,10.25224375,-0.000842833333347
EL150800460506,Train,Train,6C(50%)-3.6C,5,2,5,4,4,1,4,1,4,1,4,1,4,1,4,1,4,1,1.0804976,1.079338375,0.00087893,0.000998467028437,0.0026661,1.07939345,0.00080512,0.0024332,0.0164144,0.0164390605,-2.27056e-05,-6.6284e-05,33.6179695,31.9141092376,30.27000925,11.5249125,0.000289666666692
EL150800460507,Train,Train,6C(30%)-3.6C,5,2,5,4,4,1,4,1,4,1,4,1,4,1,4,1,4,1,1.0801463,1.079162325,0.00078215,0.000902514189293,0.0023988,1.078671675,0.00073359,0.0022404,0.016671298,0.01670567075,-2.42121e-05,-7.0779e-05,37.042661,33.6619167735,30.62131625,11.1174129167,-0.00807749999999
EL150800460510,Prim. Test,Primary,4C(31%)-5C,5,2,5,4,4,1,4,1,4,1,4,1,4,1,4,1,4,1,1.0736918,1.072529625,0.00077699,0.000875073457988,0.0024159,1.07186035,0.00034512,0.0009435,0.016893815,0.01700940925,-8.44589e-05,-0.000239412,37.8575135,33.5077132817,30.65016625,10.1691941667,0.00668100000005
EL150800460511,Train,Train,5.6C(38%)-4.25C,5,2,5,4,4,1,4,1,4,1,4,1,4,1,4,1,4,1,1.0771992,1.07627805,0.00078878,0.000922512258726,0.0023826,1.076015925,0.00080047,0.0024753,0.018079281,0.01815623375,-4.48417e-05,-0.000147031,35.08043675,31.966320859,29.84435325,10.09795625,-0.000106500000039
EL150800460513,Train,Train,5.6C(65%)-3C,5,2,5,4,4,1,4,1,4,1,4,1,4,1,4,1,4,1,1.0715803,1.070392575,0.00110063,0.00133077520524,0.0033754,1.07003265,0.00117494,0.0035749,0.017948806,0.0178800675,-1.8054e-05,1.0306e-05,36.55763325,32.8102327941,30.25577525,10.1155433333,-0.00813799999991
EL150800460514,Prim. Test,Primary,3.6C(80%)-3.6C,5,2,5,4,4,1,4,1,4,1,4,1,4,1,4,1,4,1,1.073174,1.0720683,0.00080634,0.000914781883839,0.0024848,1.071997675,0.00064137,0.0019278,0.016661867,0.01670244375,-2.84525e-05,-8.0487e-05,35.68856825,31.9246065347,29.6398565,13.38340875,-3.50000000555e-06
EL150800460518,Train,Train,1C(4%)-6C,5,2,5,4,4,1,4,1,4,1,4,1,4,1,4,1,4,1,1.0719097,1.071709575,0.00066223,0.0010484165951,0.0018556,1.0713016,0.00063566,0.0016725,0.017489189,0.0174572585,-3.56208e-05,-1.6265e-05,31.43171875,29.647236049,27.74552525,10.2570491667,0.0218636666667
EL150800460522,Train,Train,5.4C(50%)-3.6C,5,2,5,4,4,1,4,1,4,1,4,1,4,1,4,1,4,1,1.0745075,1.07344165,0.00080054,0.000911548568371,0.0024555,1.073329925,0.00075475,0.0022923,0.016672445,0.0167267935,-3.41284e-05,-0.000106194,35.0857365,31.967182664,29.3691345,10.1385741667,0.0166943333333
EL150800460525,Train,Train,6C(50%)-3C,5,2,5,4,4,1,4,1,4,1,4,1,4,1,4,1,4,1,1.0785322,1.077818775,0.00061921,0.000736807703458,0.0019148,1.0780368,0.00059052,0.0017909,0.016888976,0.016931302,-3.12434e-05,-9.3524e-05,35.598837,32.5110536151,29.9196375,11.0637454167,0.00796616666666
EL150800460526,Prim. Test,Primary,5.6C(5%)-4.75C,5,2,5,4,4,1,4,1,4,1,4,1,4,1,4,1,4,1,1.0799356,1.078811425,0.00111603,0.00137140209161,0.0033837,1.07761825,0.00165976,0.0047378,0.017393531,0.017434655,-7.90602e-05,-0.000188522,37.508044,33.0600991875,30.24385475,10.1399741667,-0.016316
EL150800460527,Prim. Test,Primary,5.2C(10%)-4.75C,5,2,5,4,4,1,4,1,4,1,4,1,4,1,4,1,4,1,1.0696967,1.068625825,0.00075761,0.00087300593748,0.0024165,1.068383075,0.00078641,0.0024892,0.017700016,0.01775094675,-3.29869e-05,-8.9013e-05,36.23993675,32.4225982878,29.87826225,10.097315,1.76666666569e-05
EL150800460528,Prim. Test,Primary,5.6C(25%)-4.5C,5,2,5,4,4,1,4,1,4,1,4,1,4,1,4,1,4,1,1.0818433,1.0804774,0.00082634,0.00105716448815,0.0021123,1.080391075,0.00068075,0.0021656,0.020051869,0.0201567315,-5.4632e-05,-0.000163721,37.7822685,33.4330757673,30.54354825,10.1603020833,0.0250821666667
EL150800460596,Prim. Test,Primary,4.8C(80%)-4.8C,5,2,5,4,4,1,4,1,4,1,4,1,4,1,4,1,4,1,1.079951,1.078834125,0.00108011,0.0013243382128,0.0033099,1.078643475,0.00109541,0.0032871,0.01806586,0.01797347025,-1.42881e-05,1.6989e-05,34.72469825,31.5178962544,29.54292925,10.00826875,0.000204500000035
EL150800460597,Prim. Test,Primary,4.8C(80%)-4.8C,5,2,5,4,4,1,4,1,4,1,4,1,4,1,4,1,4,1,1.0712154,1.06947755,0.00102674,0.00116861017773,0.0032472,1.0692446,0.00101442,0.0032007,0.017360577,0.017324893,-3.0143e-05,-0.000128096,32.58534425,30.2722620891,28.3481335,10.0504991667,0.016869
EL150800460599,Prim. Test,Primary,6C(60%)-3C,5,2,5,4,4,1,4,1,4,1,4,1,4,1,4,1,4,1,1.0461055,1.044354975,0.00134781,0.00152720739485,0.003968,1.04343,0.00133882,0.0041787,0.017647116,0.01780940825,-9.58011e-05,-0.000276267,36.23303125,32.4091951098,29.692261,10.1168458333,0.00836199999995
EL150800460601,Prim. Test,Primary,6C(60%)-3C,5,2,5,4,4,1,4,1,4,1,4,1,4,1,4,1,4,1,1.0771673,1.076177325,0.00076403,0.000876023713649,0.0023479,1.07635105,0.0006993,0.0021117,0.016546713,0.01657022275,-2.09937e-05,-6.1222e-05,35.60169525,32.8232415753,30.2196065,11.58671875,-0.00805449999999
EL150800460602,Train,Train,2C(2%)-5C,5,2,5,4,4,1,4,1,4,1,4,1,4,1,4,1,4,1,1.0763675,1.0754324,0.00093446,0.00114971243144,0.0028284,1.0746624,0.00095408,0.0028719,0.017915562,0.01785088725,-1.47857e-05,2.1165e-05,36.534214,32.4329388979,29.56028,10.0673204167,0.0166731666666
EL150800460603,Train,Train,4.65C(19%)-4.85C,5,2,5,4,4,1,4,1,4,1,4,1,4,1,4,1,4,1,1.0800804,1.0785799,0.00101952,0.00115516667845,0.0032005,1.0782026,0.0010771,0.003378,0.017519278,0.01762422175,-4.89721e-05,-0.000136134,36.57504275,32.7112829647,30.67654725,10.12582875,-0.0249501666667
EL150800460604,Train,Train,4.9C(69%)-4.25C,5,2,5,4,4,1,4,1,4,1,4,1,4,1,4,1,4,1,1.0746225,1.0738831,0.00067376,0.000825463881705,0.0021182,1.073104,0.00019942,0.0004961,0.016981995,0.01706931,-5.87756e-05,-0.000162653,37.468071,33.3073174497,30.51512,10.1187645833,-0.00836016666666
EL150800460605,Prim. Test,Primary,2C(10%)-6C,5,2,5,4,4,1,4,1,4,1,4,1,4,1,4,1,4,1,1.0713807,1.0724934,-0.0001359,0.000843847358827,-0.0006898,1.072072125,5.995e-05,-0.0001602,0.017232127,0.017587605,-0.0001636738,-0.000350014,36.622588,31.8678138477,28.87490825,10.3034670833,-0.0264335
EL150800460608,Train,Train,5.2C(37%)-4.5C,5,2,5,4,4,1,4,1,4,1,4,1,4,1,4,1,4,1,1.0765644,1.07519765,0.00109692,0.00125703919688,0.0032851,1.0744073,0.00071062,0.0020042,0.017663617,0.01766409825,-1.78567e-05,-2.5013e-05,34.4000385,31.6658784667,29.88844925,10.1385254167,0.0166205
EL150800460610,Prim. Test,Primary,4.9C(61%)-4.5C,5,2,5,4,4,1,4,1,4,1,4,1,4,1,4,1,4,1,1.074273,1.073355125,0.00091975,0.00112065641339,0.002723,1.071714425,0.00118527,0.0045672,0.017217251,0.01721506125,-2.74885e-05,-1.6704e-05,36.57606975,32.7888636934,30.10010275,10.1465066667,0.0128573333333
EL150800460611,Train,Train,4.8C(80%)-4.8C,5,2,5,4,4,1,4,1,4,1,4,1,4,1,4,1,4,1,1.0698761,1.068931875,0.00087451,0.00104207706139,0.0026087,1.068718275,0.00087243,0.0025716,0.017511886,0.0176002095,-5.66704e-05,-0.000166533,33.76174925,30.8573187475,28.84351075,10.0504279167,-0.0168765
EL150800460613,Train,Train,6C(4%)-4.75C,5,2,5,4,4,1,4,1,4,1,4,1,4,1,4,1,4,1,1.0732507,1.071984775,0.00090293,0.00101993521455,0.0027781,1.071762175,0.00092887,0.0028495,0.017017327,0.01712519025,-4.81909e-05,-0.00013602,36.85212025,32.7514870314,30.33611075,10.0970545833,-1.41666666851e-05
EL150800460614,Train,Train,4.9C(27%)-4.75C,5,2,5,4,4,1,4,1,4,1,4,1,4,1,4,1,4,1,1.0684742,1.0675626,0.00089362,0.00107937955558,0.0026332,1.067290175,0.00087985,0.002601,0.017549558,0.01759210975,-3.25935e-05,-7.4766e-05,35.214077,31.8652836165,29.62252575,10.1599266667,0.00826566666661
EL150800460615,Train,Train,6C(40%)-3C,5,2,5,4,4,1,4,1,4,1,4,1,4,1,4,1,4,1,1.0821818,1.08126865,0.00076566,0.000890964882866,0.0023181,1.08140265,0.00070422,0.0021232,0.015999669,0.01602950275,-2.54391e-05,-7.266e-05,36.343012,33.4273959218,30.69597225,10.1384945833,-0.0166978333333
EL150800460617,Prim. Test,Primary,5.4C(80%)-5.4C,5,2,5,4,4,1,4,1,4,1,4,1,4,1,4,1,4,1,1.0772517,1.07637395,0.00064058,0.000735826683058,0.0020172,1.0759101,0.00062192,0.0019156,0.016607096,0.0166534775,-2.95102e-05,-9.2181e-05,37.7218305,33.7815254934,30.591043,12.1174033333,0.00831266666668
EL150800460618,Train,Train,7C(40%)-3C,5,2,5,4,4,1,4,1,4,1,4,1,4,1,4,1,4,1,1.0826759,1.081514275,0.00092219,0.00105942180546,0.0028034,1.0819043,0.0008818,0.0026734,0.016678825,0.01671626975,-3.10345e-05,-8.9075e-05,37.0723325,33.426046912,30.36091025,11.1793829167,-0.0167645
EL150800460622,Prim. Test,Primary,6C(50%)-3.6C,5,2,5,4,4,1,4,1,4,1,4,1,4,1,4,1,4,1,1.073244,1.072167075,0.00082655,0.000940172801604,0.0024976,1.072438625,0.00072193,0.0021926,0.01697932,0.01701087875,-2.72519e-05,-7.9719e-05,34.49601725,31.9579350082,29.75149625,11.0428416667,0.000148999999992
EL150800460623,Prim. Test,Primary,3.6C(80%)-3.6C,5,2,5,4,4,1,4,1,4,1,4,1,4,1,4,1,4,1,1.0827312,1.081550725,0.00093453,0.00106858923206,0.0028089,1.08133115,0.00089896,0.0027395,0.016715366,0.016783566,-5.708e-05,-0.000152614,34.89237125,31.9007634017,30.079578,13.3624670833,0.00837049999999
EL150800460627,Train,Train,5.6C(58%)-3.5C,5,2,5,4,4,1,4,1,4,1,4,1,4,1,4,1,4,1,1.0821269,1.080436125,0.00135097,0.00157768257957,0.0036656,1.080268675,0.00130007,0.0039331,0.017996728,0.01805074875,-6.25513e-05,-0.000177944,35.6084965,32.0539823243,29.7333905,10.15706,0.0081736666667
EL150800460628,Train,Train,5.2C(71%)-3C,5,2,5,4,4,1,4,1,4,1,4,1,4,1,4,1,4,1,1.0717659,1.070145475,0.00111007,0.00128539457439,0.0030442,1.0701551,0.00100272,0.0030304,0.01731734,0.01739915475,-5.27323e-05,-0.000143273,38.2630635,33.667646248,30.80417275,10.11776875,0.0248105
EL150800460630,Train,Train,5.4C(70%)-3C,5,2,5,4,4,1,4,1,4,1,4,1,4,1,4,1,4,1,1.0764751,1.075679275,0.00064965,0.000746949115988,0.0019396,1.0755376,0.00066756,0.0019815,0.016592791,0.01663679775,-3.06021e-05,-9.504e-05,36.637829,33.2900546001,30.51101975,12.1395491667,0.000230333333338
EL150800460631,Prim. Test,Primary,5.2C(50%)-4.25C,5,2,5,4,4,1,4,1,4,1,4,1,4,1,4,1,4,1,1.0773442,1.076000325,0.00114323,0.00135162096457,0.0030773,1.07625395,0.00119284,0.0035045,0.017610699,0.017608758,-3.35134e-05,-3.4969e-05,37.25829425,32.9921346661,30.2984365,10.1387516667,0.016516
EL150800460634,Train,Train,3.6C(30%)-6C,5,2,5,4,4,1,4,1,4,1,4,1,4,1,4,1,4,1,1.0713428,1.0703786,0.00088158,0.00104287678802,0.0026037,1.06949385,0.0008856,0.0025966,0.016306423,0.016546865,-0.000178452,-0.000522842,36.92426675,32.8376746398,29.6096685,10.2031195833,-0.0084418333333
EL150800460635,Prim. Test,Primary,3.6C(2%)-4.85C,5,2,5,4,4,1,4,1,4,1,4,1,4,1,4,1,4,1,1.0705818,1.069395825,0.00084551,0.000950891227678,0.0025665,1.06890955,0.00085462,0.0026081,0.016993394,0.01708602575,-5.49909e-05,-0.000186781,35.444353,32.1043317465,29.76358725,10.1586166667,-0.00823433333336
EL150800460636,Prim. Test,Primary,7C(40%)-3.6C,5,2,5,4,4,1,4,1,4,1,4,1,4,1,4,1,4,1,1.0705794,1.069579075,0.00077411,0.000882238662084,0.0023405,1.06979295,0.00069934,0.0021513,0.016043961,0.01608530675,-2.30899e-05,-6.7491e-05,36.51048475,33.3179460524,30.243286,11.17915875,0.0333358333334
EL150800460640,Train,Train,6C(40%)-3.6C,5,2,5,4,4,1,4,1,4,1,4,1,4,1,4,1,4,1,1.0801555,1.079135775,0.00075851,0.000860840314388,0.0023189,1.079098425,0.00065477,0.0019832,0.016160037,0.01618881675,-2.66939e-05,-7.9425e-05,36.04952025,32.9943189932,30.36882125,10.0964495833,1.51666666445e-05
EL150800460641,Train,Train,5.2C(58%)-4C,5,2,5,4,4,1,4,1,4,1,4,1,4,1,4,1,4,1,1.0819733,1.080680325,0.00108827,0.0012868676299,0.0029213,1.080942,0.0010445,0.0031357,0.01752685,0.0176152875,-6.38428e-05,-0.000168286,36.0663565,32.8123666341,30.50496775,10.1167116667,-0.0250190000001
EL150800460642,Prim. Test,Primary,7C(30%)-3.6C,5,2,5,4,4,1,4,1,4,1,4,1,4,1,4,1,4,1,1.084457,1.0833251,0.00087092,0.000998484584258,0.0026797,1.083608825,0.00083611,0.0025398,0.016645426,0.01669069875,-2.85191e-05,-9.8173e-05,36.79688525,33.3447992572,30.3925505,10.2544125,0.0247366666667
EL150800460644,Prim. Test,Primary,6C(40%)-3C,5,2,5,4,4,1,4,1,4,1,4,1,4,1,4,1,4,1,1.0817964,1.080800125,0.00076631,0.000875833769545,0.0023427,1.0809066,0.00072622,0.0022321,0.016540771,0.016574693,-2.86868e-05,-8.5565e-05,35.0735885,32.5968149928,30.3827685,11.1793516667,-0.000107333333338
EL150800460647,Prim. Test,Primary,7C(40%)-3C,5,2,5,4,4,1,4,1,4,1,4,1,4,1,4,1,4,1,1.0817143,1.080502575,0.00090251,0.00102365167263,0.0027529,1.08086845,0.00086832,0.0026372,0.016741274,0.016796261,-3.99346e-05,-0.000115599,36.45879,32.9779839369,30.29614725,12.09587,-0.0331276666667
EL150800460649,Prim. Test,Primary,5.6C(47%)-4C,5,2,5,4,4,1,4,1,4,1,4,1,4,1,4,1,4,1,1.0726807,1.0713717,0.00102334,0.00120660324672,0.002731,1.071427175,0.00096999,0.0029538,0.017699806,0.0177507295,-5.25138e-05,-0.00014721,35.97916225,32.1409929709,29.7837895,10.1402366667,-0.0168366666667
EL150800460652,Prim. Test,Primary,4.4C(8%)-4.85C,5,2,5,4,4,1,4,1,4,1,4,1,4,1,4,1,4,1,1.0864058,1.085002675,0.00109335,0.00124746184185,0.0033015,1.08460155,0.00113244,0.0034264,0.017187012,0.01746346675,-0.0001087629,-0.00035847,36.60324775,32.7347503871,30.4023665,10.1604904167,-0.0249121666666
EL150800460653,Prim. Test,Primary,5.4C(50%)-3.6C,5,2,5,4,4,1,4,1,4,1,4,1,4,1,4,1,4,1,1.0840898,1.082749875,0.00097439,0.00109618614153,0.0029234,1.08211985,0.00096658,0.002919,0.01671469,0.01677293,-3.84466e-05,-0.00011616,35.60248375,32.388840924,29.80354325,10.1172620833,0.00828816666666
EL150800460655,Train,Train,3.6C(22%)-5.5C,5,2,5,4,4,1,4,1,4,1,4,1,4,1,4,1,4,1,1.0752395,1.074180075,0.00073715,0.000844439702924,0.0023422,1.073522925,0.00075617,0.0023477,0.016699344,0.01677891375,-8.09059e-05,-0.00023671,36.60637775,32.8516322103,30.25266225,10.11263,0.0234689999999
EL150800460656,Prim. Test,Primary,8C(15%)-3.6C,5,2,5,4,4,1,4,1,4,1,4,1,4,1,4,1,4,1,1.0863998,1.085405175,0.00080785,0.000931664731475,0.002444,1.0854614,0.00077704,0.0023595,0.016614765,0.01664339,-2.48958e-05,-7.0939e-05,36.0891075,32.7876829925,29.84560625,10.2420641667,-0.0248696666667
EL150800460659,Train,Train,5.4C(80%)-5.4C,5,2,5,4,4,1,4,1,4,1,4,1,4,1,4,1,4,1,1.090127,1.0890323,0.00082238,0.000930566040107,0.0024756,1.08933345,0.00076256,0.0023527,0.01630171,0.016328821,-2.57816e-05,-7.4677e-05,35.9830705,33.0654232039,30.45586675,10.7651075,5.70000000121e-05
EL150800460673,Prim. Test,Primary,2C(7%)-5.5C,5,2,5,4,4,1,4,1,4,1,4,1,4,1,4,1,4,1,1.068211,1.067805725,0.00049871,0.000639938342245,0.0013601,1.067120175,0.00046685,0.001261,0.016511453,0.0167521875,-0.0001258096,-0.000314491,38.0975255,33.3561222914,30.08154575,10.1348358333,-0.00166333333337
EL150800460678,Prim. Test,Primary,6C(52%)-3.5C,5,2,5,4,4,1,4,1,4,1,4,1,4,1,4,1,4,1,1.0759063,1.074481325,0.00106395,0.00121515951911,0.0032925,1.07410335,0.00110484,0.0034257,0.017683174,0.0177047605,-2.39594e-05,-6.8844e-05,36.108038,32.3234113859,29.98772975,10.1594908333,0.025202
EL150800463198,Prim. Test,Primary,6C(30%)-3.6C,5,2,5,4,4,1,4,1,4,1,4,1,4,1,4,1,4,1,1.0812072,1.0802834,0.00070188,0.000802626778148,0.0021611,1.080659075,0.00062561,0.0019108,0.016097471,0.01612698025,-2.64575e-05,-7.713e-05,37.085201,33.7831479022,30.771607,10.80527375,-5.55000000046e-05
EL150800463208,Train,Train,4C(40%)-6C,5,2,5,4,4,1,4,1,4,1,4,1,4,1,4,1,4,1,1.0827806,1.081777075,0.00082969,0.000959273395271,0.0024956,1.08160615,0.00085856,0.0026209,0.016812934,0.0169789615,-8.54748e-05,-0.000274341,37.44694175,33.2753341992,30.3518085,10.2438704167,-0.0288585
EL150800463229,Train,Train,7C(30%)-3.6C,5,2,5,4,4,1,4,1,4,1,4,1,4,1,4,1,4,1,1.086074,1.084850425,0.00091287,0.00103403092162,0.0027711,1.08541795,0.00082922,0.0025398,0.016651146,0.0167062675,-3.14648e-05,-0.000105322,37.297391,33.3654418249,30.35525375,12.0753383333,-0.025375
EL150800463245,Prim. Test,Primary,4.65C(44%)-5C,5,2,5,4,4,1,4,1,4,1,4,1,4,1,4,1,4,1,1.0828061,1.0815473,0.0010246,0.00117996276424,0.0030831,1.081392525,0.00107723,0.0032517,0.01710158,0.01721536225,-6.82819e-05,-0.000237251,35.0276165,32.0553812752,30.039356,10.1349325,-0.0249700000001
EL150800463838,Prim. Test,Primary,5.4C(50%)-3C,5,2,5,4,4,1,4,1,4,1,4,1,4,1,4,1,4,1,1.0733926,1.072237425,0.00076535,0.000869968382687,0.0024265,1.071518175,0.00075143,0.0024072,0.017056193,0.017083801,-2.0153e-05,-6.4993e-05,36.53262225,33.2169184392,30.257655,10.7646783333,0.000736333333325
EL150800463871,Train,Train,5.4C(60%)-3.6C,5,2,5,4,4,1,4,1,4,1,4,1,4,1,4,1,4,1,1.0848194,1.083834625,0.00079945,0.000917352021786,0.0023806,1.0829218,0.00075336,0.0023375,0.015182698,0.01524508175,-5.96221e-05,-0.000166076,37.42390725,33.4671775019,30.66069925,8.98173791667,-0.00109550000001
EL150800463882,Train,Train,5.4C(40%)-3.6C,5,2,5,4,4,1,4,1,4,1,4,1,4,1,4,1,4,1,1.0564448,1.0552836,0.00088448,0.00100380985251,0.0026662,1.0546091,0.00099524,0.0030067,0.016545463,0.01657266025,-8.3291e-06,-2.9615e-05,36.311983,33.0036858208,30.4137235,11.6730583333,0.00827033333332
EL150800463886,Prim. Test,Primary,4.8C(80%)-4.8C,5,2,5,4,4,1,4,1,4,1,4,1,4,1,4,1,4,1,1.0791821,1.077670825,0.00111837,0.00126084886361,0.0033463,1.07705785,0.00109236,0.0033904,0.016877446,0.0169483905,-4.13716e-05,-0.000124531,35.971117,32.5459280663,30.032136,10.0724058333,-0.0600903333333
EL150800464002,Prim. Test,Primary,5.4C(60%)-3.6C,5,2,5,4,4,1,4,1,4,1,4,1,4,1,4,1,4,1,1.0750004,1.073961475,0.00078579,0.000890753056057,0.0023704,1.073187375,0.00074757,0.002269,0.015551912,0.01563211725,-6.57069e-05,-0.000188825,35.09660825,32.4452865073,30.3176475,9.00885833333,0.00760233333335
EL150800464865,Prim. Test,Primary,4C(80%)-4C,5,2,5,4,4,1,4,1,4,1,4,1,4,1,4,1,4,1,1.0804269,1.07940065,0.00067648,0.000756929014175,0.0020102,1.07934165,0.00059962,0.0017601,0.016720008,0.01674663075,-2.03855e-05,-6.742e-05,34.552658,31.6831259529,29.74170375,12.05029875,-0.000162833333343
EL150800464881,Train,Train,5.4C(60%)-3C,5,2,5,4,4,1,4,1,4,1,4,1,4,1,4,1,4,1,1.0874817,1.08647295,0.0007792,0.000889133742752,0.002367,1.0864998,0.00075134,0.002309,0.016327402,0.01638193575,-3.89733e-05,-0.000122325,36.50691675,32.9586744334,30.04724975,9.91644208333,6.31666666688e-05
EL150800464883,Train,Train,4.4C(80%)-4.4C,5,2,5,4,4,1,4,1,4,1,4,1,4,1,4,1,4,1,1.0785232,1.077225625,0.00081363,0.000916405888171,0.0023966,1.077125575,0.00075527,0.0022289,0.016305991,0.01637641775,-4.25507e-05,-0.000131588,32.99892825,31.000666684,29.37243375,10.9805604167,-0.00853449999998
EL150800464977,Train,Train,4C(80%)-4C,5,2,5,4,4,1,4,1,4,1,4,1,4,1,4,1,4,1,1.0827308,1.08141895,0.00097892,0.00111403949324,0.0030079,1.080955975,0.00096725,0.0029336,0.016325014,0.016333947,-1.24144e-05,-4.469e-05,31.0003475,30.3076723429,29.7885515,12.0083154167,-7.94999999956e-05
EL150800465027,Train,Train,4.8C(80%)-4.8C,5,2,5,4,4,1,4,1,4,1,4,1,4,1,4,1,4,1,1.0964732,1.095350575,0.00086707,0.000986345346152,0.0026088,1.09516365,0.00086838,0.0026671,0.016207566,0.0162551085,-3.44436e-05,-0.000103605,35.39086925,32.167066864,29.7855165,10.0294604167,0.00861683333331
EL150800737213,Sec. test,Secondary,5.6C(36%)-4.3C,5,2,5,4,4,1,4,1,4,1,4,1,4,1,4,1,4,1,1.0531315,1.052330325,0.00056829,0.000637144121746,0.0016809,1.051477425,0.00075527,0.0022122,0.015317377,0.01533817175,-1.84935e-05,-5.678e-05,39.3183734613,35.217160211,31.9610950318,10.0418033333,5.13333332741e-05
EL150800737229,Sec. test,Secondary,3.7C(31%)-5.9C,5,2,5,4,4,1,4,1,4,1,4,1,4,1,4,1,4,1,1.0630716,1.062930825,0.00014565,0.000187152643249,0.0004592,1.06259125,0.00018956,0.0005688,0.013550496,0.01353759225,7.3849e-06,2.3327e-05,36.6977160523,34.0383758951,31.3137398684,10.0629429167,-0.000679166666693
EL150800737233,Sec. test,Secondary,5C(67%)-4C,5,2,5,4,4,1,4,1,4,1,4,1,4,1,4,1,4,1,1.0665767,1.0657871,0.00061206,0.00069668109993,0.0018405,1.06557655,0.00066878,0.00205,0.015344371,0.01538732575,-3.15727e-05,-9.3763e-05,34.7840788909,32.9021269226,31.1438636796,10.0452825,-0.000962666666649
EL150800737234,Sec. test,Secondary,3.7C(31%)-5.9C,5,2,5,4,4,1,4,1,4,1,4,1,4,1,4,1,4,1,1.0526985,1.052341325,0.00027369,0.000311796042109,0.0008317,1.05228685,0.00030774,0.0009233,0.013181041,0.01317538225,2.7629e-06,1.1637e-05,39.506048084,35.4547352965,32.1230653918,10.0595675,-0.000698666666625
EL150800737251,Sec. test,Secondary,5.6C(36%)-4.3C,5,2,5,4,4,1,4,1,4,1,4,1,4,1,4,1,4,1,1.0624913,1.06158285,0.00069838,0.000791686306248,0.0020742,1.06122765,0.00075814,0.0022822,0.014976198,0.0150199135,-3.32876e-05,-9.7257e-05,38.1515009001,35.1763182045,32.0577933836,10.0452383333,-0.000311333333326
EL150800737259,Sec. test,Secondary,5.3C(54%)-4C,5,2,5,4,4,1,4,1,4,1,4,1,4,1,4,1,4,1,1.0629901,1.062156225,0.00061283,0.000692281844248,0.0018599,1.061767625,0.00064255,0.0019125,0.015674211,0.015709678,-2.50784e-05,-7.7793e-05,38.5540637837,35.4516912091,32.168337,10.0417966667,-0.000599333333351
EL150800737270,Sec. test,Secondary,5.3C(54%)-4C,5,2,5,4,4,1,4,1,4,1,4,1,4,1,4,1,4,1,1.0714244,1.0705384,0.00063952,0.000720496648153,0.0019418,1.069996075,0.00070527,0.0021595,0.015835447,0.01586470375,-2.26077e-05,-6.7776e-05,34.8370797094,32.9688198846,31.20887361,10.0417166667,-0.000385333333372
EL150800737274,Sec. test,Secondary,5.6C(19%)-4.6C,5,2,5,4,4,1,4,1,4,1,4,1,4,1,4,1,4,1,1.0693455,1.068720975,0.00043215,0.000485353939796,0.0013218,1.068435175,0.00036511,0.0010614,0.015044483,0.01507067925,-1.94121e-05,-5.3703e-05,37.7291149213,35.10606786,32.2186680072,10.04334,-0.000396666666638
EL150800737275,Sec. test,Secondary,5.6C(36%)-4.3C,5,2,5,4,4,1,4,1,4,1,4,1,4,1,4,1,4,1,1.0733607,1.0727707,0.00047774,0.000549249091943,0.0014359,1.072274075,0.00060349,0.0018085,0.015506864,0.01552580375,-1.62903e-05,-4.8932e-05,37.5883002963,34.9227700836,32.0002411092,10.043465,7.1000000073e-05
EL150800737276,Sec. test,Secondary,5.6C(19%)-4.6C,5,2,5,4,4,1,4,1,4,1,4,1,4,1,4,1,4,1,1.0695097,1.0688299,0.0004765,0.000534503166501,0.0014418,1.06849955,0.0005836,0.0017782,0.015562085,0.01558134425,-1.60671e-05,-4.5999e-05,37.2039890465,34.0450837522,31.2824173912,10.04191875,0.000748166666648
EL150800737277,Sec. test,Secondary,4.36C(80%)-4.36C,5,2,5,4,4,1,4,1,4,1,4,1,4,1,4,1,4,1,1.0632553,1.06264485,0.00050348,0.000578657698903,0.0014807,1.06151485,0.00090444,0.0018891,0.015467151,0.01550079575,-2.79415e-05,-8.3851e-05,34.6282424896,32.4335396504,30.5335663734,11.0463658333,-0.00309733333335
EL150800737279,Sec. test,Secondary,5.9C(60%)-3.1C,5,2,5,4,4,1,4,1,4,1,4,1,4,1,4,1,4,1,1.0699984,1.069157625,0.00060407,0.000678790882286,0.0018172,1.068775575,0.00069517,0.0020561,0.015887896,0.01593032325,-3.15155e-05,-9.5587e-05,36.7205140462,33.91614572,31.2484375413,10.0463404167,0.000851499999942
EL150800737280,Sec. test,Secondary,5.6C(36%)-4.3C,5,2,5,4,4,1,4,1,4,1,4,1,4,1,4,1,4,1,1.0643547,1.063514575,0.00047521,0.000543872312105,0.0014655,1.06272175,0.00043166,0.0013062,0.014936792,0.01495990325,-2.39509e-05,-6.9825e-05,39.7841269262,36.2312479306,32.0616134159,10.0422979167,-2.08333334253e-05
EL150800737285,Sec. test,Secondary,5.9C(60%)-3.1C,5,2,5,4,4,1,4,1,4,1,4,1,4,1,4,1,4,1,1.0577407,1.057111475,0.00050197,0.000572652994295,0.0014764,1.0567513,0.0005735,0.0016921,0.015762733,0.0158108075,-2.96878e-05,-9.0042e-05,37.3582392725,34.409696749,31.5707715332,10.0435879167,-0.000259166666656
EL150800737287,Sec. test,Secondary,5.6C(19%)-4.6C,5,2,5,4,4,1,4,1,4,1,4,1,4,1,4,1,4,1,1.0737659,1.072847275,0.00056939,0.000639681883341,0.0017473,1.0724617,0.00059898,0.0018485,0.015630158,0.01565896125,-2.05267e-05,-6.321e-05,38.8074538767,35.5750252229,32.2082850279,10.04161875,7.21666667474e-05
EL150800737304,Sec. test,Secondary,5C(67%)-4C,5,2,5,4,4,1,4,1,4,1,4,1,4,1,4,1,4,1,1.0616887,1.06101765,0.00047848,0.000536664851187,0.0014167,1.060957775,0.00049851,0.0014986,0.015431999,0.0154664225,-3.40406e-05,-7.9207e-05,34.2223945783,32.9816725619,31.5778309416,10.0432845833,-0.000287833333351
EL150800737307,Sec. test,Secondary,4.36C(80%)-4.36C,5,2,5,4,4,1,4,1,4,1,4,1,4,1,4,1,4,1,1.0689943,1.068387725,0.00049211,0.000565286880155,0.0014725,1.06769985,0.00053276,0.0020296,0.015465212,0.0154954545,-2.44106e-05,-7.0329e-05,34.1496437958,32.6836965406,31.1028235,11.0425495833,0.00246316666671
EL150800737313,Sec. test,Secondary,5.3C(54%)-4C,5,2,5,4,4,1,4,1,4,1,4,1,4,1,4,1,4,1,1.0672238,1.06630335,0.00070522,0.000806565299588,0.0021635,1.065638925,0.00081319,0.0024758,0.015061628,0.01511023875,-3.33423e-05,-0.000100406,37.6691318368,34.6274252535,31.4311953106,10.0410470833,0.000213833333352
EL150800737314,Sec. test,Secondary,5.6C(36%)-4.3C,5,2,5,4,4,1,4,1,4,1,4,1,4,1,4,1,4,1,1.0758239,1.075080025,0.00055537,0.000626827509667,0.0016586,1.074699475,0.00062017,0.001862,0.016078373,0.016102557,-1.9572e-05,-6.1045e-05,35.2246241137,33.0763952425,31.0846391429,10.0427754167,-0.000356833333304
EL150800737315,Sec. test,Secondary,5C(67%)-4C,5,2,5,4,4,1,4,1,4,1,4,1,4,1,4,1,4,1,1.0665587,1.065928975,0.00051285,0.000587710925434,0.0015085,1.0651854,0.00062468,0.0018515,0.015334478,0.01536570225,-2.58621e-05,-7.537e-05,35.4317324486,32.9602938948,30.7112473674,10.04336,0.000382333333327
EL150800737319,Sec. test,Secondary,5.6C(19%)-4.6C,5,2,5,4,4,1,4,1,4,1,4,1,4,1,4,1,4,1,1.0675212,1.066678075,0.00064841,0.000738324716419,0.0019632,1.066227225,0.00076353,0.0022968,0.015182124,0.015210835,-2.25748e-05,-6.8313e-05,36.8888010928,33.936889746,31.2079189632,10.042205,0.000701999999995
EL150800737320,Sec. test,Secondary,5.9C(15%)-4.6C,5,2,5,4,4,1,4,1,4,1,4,1,4,1,4,1,4,1,1.0684901,1.067512675,0.00069257,0.000780299953143,0.0021213,1.067095325,0.00071275,0.0021519,0.014925562,0.01494006,-1.24608e-05,-3.6724e-05,31.6828856242,31.2143982884,30.7134969763,10.0415491667,0.000484666666695
EL150800737329,Sec. test,Secondary,5C(67%)-4C,5,2,5,4,4,1,4,1,4,1,4,1,4,1,4,1,4,1,1.0690936,1.0683855,0.0005339,0.000608570977783,0.0016385,1.067858475,0.00057459,0.0017313,0.015308817,0.01534985675,-3.09445e-05,-9.0138e-05,33.3226561633,32.0806423412,30.8002666762,10.0451616667,0.000772333333298
EL150800737334,Sec. test,Secondary,5C(67%)-4C,5,2,5,4,4,1,4,1,4,1,4,1,4,1,4,1,4,1,1.0715792,1.070969275,0.00047399,0.000540553148983,0.0014319,1.07069065,0.00052682,0.0016079,0.015907407,0.01594283525,-2.89927e-05,-8.0626e-05,37.4422212694,34.5243847569,31.3738275228,10.04491625,-0.00157950000006
EL150800737345,Sec. test,Secondary,4.36C(80%)-4.36C,5,2,5,4,4,1,4,1,4,1,4,1,4,1,4,1,4,1,1.062538,1.0618174,0.00051482,0.000577516679413,0.001529,1.06130905,0.00098802,0.0031305,0.015386094,0.01541883325,-2.27053e-05,-6.7843e-05,37.6789352208,34.811842277,31.9088115421,11.0444708333,-0.00437900000002
EL150800737350,Sec. test,Secondary,5.3C(54%)-4C,5,2,5,4,4,1,4,1,4,1,4,1,4,1,4,1,4,1,1.0631043,1.062317525,0.00051877,0.000580188186604,0.0015693,1.062009225,0.00061465,0.0018986,0.015346847,0.01538716475,-3.01135e-05,-9.1994e-05,38.7039174274,35.5936889776,32.1201879104,10.04431875,-0.000199833333366
EL150800737361,Sec. test,Secondary,5.3C(54%)-4C,5,2,5,4,4,1,4,1,4,1,4,1,4,1,4,1,4,1,1.0489986,1.048241825,0.00053421,0.000598712536928,0.001595,1.04779745,0.00061276,0.0018487,0.015611636,0.01569208625,-4.03277e-05,-0.000129068,35.9157321482,33.8114304865,31.3497851388,10.0439566667,-0.000239666666602
EL150800737365,Sec. test,Secondary,5.6C(36%)-4.3C,5,2,5,4,4,1,4,1,4,1,4,1,4,1,4,1,4,1,1.0589134,1.05828785,0.00047542,0.000537728093464,0.0013847,1.05789815,0.00051596,0.0015353,0.015195306,0.0152460205,-2.46808e-05,-7.2543e-05,39.1211340088,35.7285709707,32.0440615,10.04383875,-3.71666666616e-05
EL150800737366,Sec. test,Secondary,3.7C(31%)-5.9C,5,2,5,4,4,1,4,1,4,1,4,1,4,1,4,1,4,1,1.0682704,1.068063425,0.00013257,0.000149346248279,0.0004141,1.06789125,0.00011346,0.000321,0.013950136,0.0139442345,2.2814e-06,6.547e-06,37.7891127263,34.6233819485,31.8782194403,10.068295,-0.00191700000003
EL150800737368,Sec. test,Secondary,5C(67%)-4C,5,2,5,4,4,1,4,1,4,1,4,1,4,1,4,1,4,1,1.0485005,1.04750835,0.0007493,0.000846821003814,0.0022273,1.047226,0.0007473,0.0021526,0.015678152,0.0157146655,-2.5199e-05,-7.304e-05,36.9694219967,34.5980072718,32.0328898257,10.0423104167,-0.000120166666699
EL150800737369,Sec. test,Secondary,5.3C(54%)-4C,5,2,5,4,4,1,4,1,4,1,4,1,4,1,4,1,4,1,1.0714406,1.0705952,0.00057174,0.000639426676797,0.0017206,1.070111275,0.00059423,0.0018104,0.015644995,0.01567618975,-2.62749e-05,-7.796e-05,36.0531109995,33.2456385188,30.6061140944,10.0434566667,0.000272666666642
EL150800737378,Sec. test,Secondary,5.3C(54%)-4C,5,2,5,4,4,1,4,1,4,1,4,1,4,1,4,1,4,1,1.0681428,1.06739995,0.0005785,0.000656762474187,0.0016914,1.06623195,0.00073602,0.00218,0.015467618,0.01549636375,-2.04383e-05,-5.6934e-05,37.0471114083,34.8269614642,32.2471794461,10.0419583333,0.000235666666656
EL150800737380,Sec. test,Secondary,5.3C(54%)-4C,5,2,5,4,4,1,4,1,4,1,4,1,4,1,4,1,4,1,1.0705589,1.0697785,0.00060098,0.000684516256198,0.0018196,1.069186375,0.00069517,0.0020719,0.015640054,0.01568168175,-2.98115e-05,-9.2475e-05,33.789408679,32.1404693202,30.60949575,10.04382,0.000250666666665
EL150800737386,Sec. test,Secondary,5.9C(15%)-4.6C,5,2,5,4,4,1,4,1,4,1,4,1,4,1,4,1,4,1,1.0701469,1.069276625,0.00057325,0.000641012353138,0.0017282,1.06908535,0.00060278,0.001818,0.01535992,0.01538446575,-2.01541e-05,-5.7528e-05,36.378967253,33.3370305311,30.7920668999,10.0417591667,-0.000374333333336
EL150800737387,Sec. test,Secondary,5.6C(36%)-4.3C,5,2,5,4,4,1,4,1,4,1,4,1,4,1,4,1,4,1,1.0753649,1.074289025,0.00085427,0.000994113269137,0.0026593,1.0733893,0.00089406,0.0025654,0.015606318,0.01563287925,-2.11463e-05,-6.2475e-05,35.2333228862,33.0164362506,30.9715662215,10.0418558333,-0.000201333333389
EL150800737390,Sec. test,Secondary,5.6C(19%)-4.6C,5,2,5,4,4,1,4,1,4,1,4,1,4,1,4,1,4,1,1.0613143,1.0603489,0.0006939,0.000783007040198,0.0019908,1.059675,0.00075492,0.0022613,0.015510818,0.01553805575,-1.72593e-05,-5.1101e-05,37.0895028494,33.743654372,30.7807817981,10.04342625,-0.000224499999919
EL150800739476,Sec. test,Secondary,5.6C(19%)-4.6C,5,2,5,4,4,1,4,1,4,1,4,1,4,1,4,1,4,1,1.0737818,1.073177025,0.00042771,0.000481223655772,0.0013053,1.07270805,0.0005102,0.0015868,0.015172654,0.01520770825,-2.41655e-05,-7.4188e-05,32.9226357197,32.0231856004,31.0774539665,10.044965,0.000818666666674
EL150800739477,Sec. test,Secondary,5.6C(19%)-4.6C,5,2,5,4,4,1,4,1,4,1,4,1,4,1,4,1,4,1,1.0644418,1.063985775,0.00037239,0.000427559483435,0.0010614,1.063736,0.0004117,0.0011572,0.015424388,0.01546102725,-2.28025e-05,-6.6142e-05,38.2971976638,35.3194906782,32.0481556731,10.04319875,-4.48333333289e-05
EL150800739484,Sec. test,Secondary,4.36C(80%)-4.36C,5,2,5,4,4,1,4,1,4,1,4,1,4,1,4,1,4,1,1.0706183,1.070175725,0.00035169,0.000404230679037,0.0010698,1.069938925,0.00040181,0.0012495,0.015679035,0.015707612,-2.0282e-05,-6.2976e-05,34.4964739709,32.5706268712,30.6806778138,11.0376258333,-0.00108099999998
EL150800739495,Sec. test,Secondary,5.6C(36%)-4.3C,5,2,5,4,4,1,4,1,4,1,4,1,4,1,4,1,4,1,1.052555,1.0516431,0.00067276,0.000759594421386,0.0020331,1.050923125,0.00072701,0.0022042,0.018458921,0.01849592925,-2.85611e-05,-8.2789e-05,36.3411728541,33.498413642,30.78733175,10.0429475,8.03333333895e-05
