barcode,policy_table9,k,outer_fold,future_point_count,soh_rmse,soh_mae,soh_mse
EL150800453113,5.4C(50%)-3C,5,1,713,0.048127155251262044,0.03325450636088826,0.0023162230725790795
EL150800460478,4.4C(24%)-5C,5,1,488,0.02464686661138626,0.014883622398069517,0.0006074680337594669
EL150800460511,5.6C(38%)-4.25C,5,1,472,0.013013020960684655,0.009787857496082639,0.0001693387145232182
EL150800460518,1C(4%)-6C,5,1,294,0.07819966149913268,0.06215961980294531,0.006115187058578935
EL150800460608,5.2C(37%)-4.5C,5,1,486,0.027791427466722533,0.015026449198323936,0.0007723634406380997
EL150800460611,4.8C(80%)-4.8C,5,1,455,0.037376006644023185,0.023381210770865156,0.0013969658726540653
EL150800460613,6C(4%)-4.75C,5,1,481,0.01147802757804607,0.006925463021341214,0.0001317451170823861
EL150800460614,4.9C(27%)-4.75C,5,1,462,0.026819053656106435,0.015563535320605856,0.0007192616390091159
EL150800465027,4.8C(80%)-4.8C,5,1,864,0.02558400558300784,0.015318385479125791,0.0006545413416713763
EL150800460486,3.6C(80%)-3.6C,5,2,2154,0.08690426619030206,0.06765529524216156,0.007552351482074879
EL150800460498,6C(31%)-4.25C,5,2,456,0.006717806270958034,0.006365742278265849,4.512892109412309e-05
EL150800460501,4.65C(69%)-6C,5,2,521,0.015521459050306382,0.008794652360663305,0.00024091569105033788
EL150800460522,5.4C(50%)-3.6C,5,2,851,0.07954697236515035,0.058523535318267275,0.006327720812461994
EL150800460525,6C(50%)-3C,5,2,736,0.02790264169820492,0.019050895813867604,0.0007785574137384039
EL150800460618,7C(40%)-3C,5,2,696,0.02455644322305609,0.012996906159719566,0.0006030189037671774
EL150800460659,5.4C(80%)-5.4C,5,2,864,0.026152079514342647,0.01649730496108461,0.0006839312629245003
EL150800464977,4C(80%)-4C,5,2,1428,0.07208284494689587,0.05054404018340804,0.005195936535638232
EL150800460485,7C(40%)-3.6C,5,3,610,0.011600944172491775,0.006928365070085009,0.00013458190569327086
EL150800460506,6C(50%)-3.6C,5,3,698,0.047017644913905095,0.026384343155667515,0.0022106589332500657
EL150800460507,6C(30%)-3.6C,5,3,854,0.006147886079255352,0.0034475903195852835,3.779650324350175e-05
EL150800460603,4.65C(19%)-4.85C,5,3,483,0.023446425731833035,0.01692654089315513,0.0005497348795983623
EL150800460630,5.4C(70%)-3C,5,3,1011,0.025544414849466797,0.015038051950756087,0.0006525171300016597
EL150800460634,3.6C(30%)-6C,5,3,505,0.05883825504143383,0.05069989831310737,0.0034619402563208133
EL150800463208,4C(40%)-6C,5,3,477,0.04539973973749428,0.034489597875559,0.0020611363682322176
EL150800463882,5.4C(40%)-3.6C,5,3,782,0.02452511709027931,0.012693298891230265,0.0006014813682919103
EL150800460466,4C(13%)-5C,5,4,471,0.019136944370605036,0.014180424372605102,0.0003662226398436318
EL150800460513,5.6C(65%)-3C,5,4,423,0.010550261113038892,0.007200237207270791,0.00011130800955330065
EL150800460615,6C(40%)-3C,5,4,703,0.020608673161359142,0.01346178099633531,0.00042471740947172467
EL150800460628,5.2C(71%)-3C,5,4,457,0.02787025714510259,0.015412820766020798,0.0007767512333341419
EL150800460655,3.6C(22%)-5.5C,5,4,438,0.05033673338584303,0.03703068290248221,0.002533786727957445
EL150800463229,7C(30%)-3.6C,5,4,960,0.02308054427813565,0.013497852817790241,0.0005327115241749804
EL150800464881,5.4C(60%)-3C,5,4,782,0.050756002424949286,0.032537877610291845,0.002576171782161458
EL150800464883,4.4C(80%)-4.4C,5,4,1068,0.06604964175130883,0.044959112005795276,0.004362555175476238
EL150800440551,4.4C(55%)-6C,5,5,455,0.037448505912793584,0.026184882010713794,0.0014023905951005362
EL150800453773,6C(60%)-3C,5,5,611,0.01622903518363275,0.008591014420732587,0.00026338158299158966
EL150800460602,2C(2%)-5C,5,5,432,0.00972096857613523,0.006369563714161709,9.449723005820858e-05
EL150800460604,4.9C(69%)-4.25C,5,5,492,0.02169059633381609,0.017800903157527442,0.00047048196931655603
EL150800460627,5.6C(58%)-3.5C,5,5,453,0.01472570967016461,0.010538156773838823,0.0002168465252899795
EL150800460640,6C(40%)-3.6C,5,5,725,0.019455839125314706,0.012988740779618538,0.00037852967607012654
EL150800460641,5.2C(58%)-4C,5,5,514,0.016900553437321164,0.014428232259165542,0.0002856287064877482
EL150800463871,5.4C(60%)-3.6C,5,5,553,0.030264522203342553,0.024460745770882652,0.0009159413041966145
EL150800453113,5.4C(50%)-3C,10,1,708,0.052211246735142526,0.03545837275930252,0.002726014285637931
EL150800460478,4.4C(24%)-5C,10,1,483,0.054118852546957745,0.03660786839771051,0.0029288502009993545
EL150800460511,5.6C(38%)-4.25C,10,1,467,0.01869402023236414,0.011272918658329306,0.0003494663924480398
EL150800460518,1C(4%)-6C,10,1,289,0.07730953378294157,0.06237924740828193,0.005976764013735784
EL150800460608,5.2C(37%)-4.5C,10,1,481,0.02371984038103105,0.012628081516599233,0.0005626308277015911
EL150800460611,4.8C(80%)-4.8C,10,1,450,0.03427259019412758,0.022021880808021102,0.0011746104386146099
EL150800460613,6C(4%)-4.75C,10,1,476,0.031031483902055575,0.017413345010349603,0.0009629529931635343
EL150800460614,4.9C(27%)-4.75C,10,1,457,0.014680226833788728,0.00903289577572346,0.00021550905989149062
EL150800465027,4.8C(80%)-4.8C,10,1,859,0.030036806224709153,0.017781053464787252,0.0009022097281807265
EL150800460486,3.6C(80%)-3.6C,10,2,2149,0.08144454768863768,0.061278163695028684,0.006633214348206777
EL150800460498,6C(31%)-4.25C,10,2,451,0.014308642354161573,0.008468834991548584,0.00020473724601930646
EL150800460501,4.65C(69%)-6C,10,2,516,0.01110810459854279,0.007268510155419995,0.00012338998777216748
EL150800460522,5.4C(50%)-3.6C,10,2,846,0.07927360992236782,0.057963821694127796,0.006284305230123734
EL150800460525,6C(50%)-3C,10,2,731,0.03911006231451281,0.025496257219756794,0.0015295969742450755
EL150800460618,7C(40%)-3C,10,2,691,0.02229060682778248,0.011633068676942984,0.0004968711527507829
EL150800460659,5.4C(80%)-5.4C,10,2,859,0.019631993454154027,0.012269530943243465,0.0003854151669839466
EL150800464977,4C(80%)-4C,10,2,1423,0.056828936468915875,0.036898480637623826,0.003229528020188077
EL150800460485,7C(40%)-3.6C,10,3,605,0.0209799400842241,0.012667907927363393,0.00044015788593763314
EL150800460506,6C(50%)-3.6C,10,3,693,0.04658299244872504,0.02647297578735734,0.0021699751854779743
EL150800460507,6C(30%)-3.6C,10,3,849,0.01713803311955728,0.009950596454159463,0.00029371217920704223
EL150800460603,4.65C(19%)-4.85C,10,3,478,0.015532001661590532,0.012336149147484416,0.00024124307561565106
EL150800460630,5.4C(70%)-3C,10,3,1006,0.028827836575292896,0.017445236941564725,0.0008310441616117948
EL150800460634,3.6C(30%)-6C,10,3,500,0.0528038359673645,0.04686111933887123,0.0027882450928683367
EL150800463208,4C(40%)-6C,10,3,472,0.02642114397474466,0.022825064831564715,0.000698076848934186
EL150800463882,5.4C(40%)-3.6C,10,3,777,0.0339825324262966,0.017621016745320597,0.0011548125101042998
EL150800460466,4C(13%)-5C,10,4,466,0.023036540017313225,0.017120164485117915,0.0005306821759692735
EL150800460513,5.6C(65%)-3C,10,4,418,0.024461669777937387,0.012867444785275222,0.0005983732883248553
EL150800460615,6C(40%)-3C,10,4,698,0.00979102610122029,0.006778550573769261,9.586419211477701e-05
EL150800460628,5.2C(71%)-3C,10,4,452,0.021413002937098087,0.011902463803330493,0.00045851669478417123
EL150800460655,3.6C(22%)-5.5C,10,4,433,0.039494376239110646,0.030335368279089833,0.0015598057545164275
EL150800463229,7C(30%)-3.6C,10,4,955,0.004320500061498185,0.0032022807228107753,1.8666720781405817e-05
EL150800464881,5.4C(60%)-3C,10,4,777,0.04484775404677056,0.027789163708060918,0.002011321043039625
EL150800464883,4.4C(80%)-4.4C,10,4,1063,0.05851878310696704,0.03770067723967208,0.0034244479763202505
EL150800440551,4.4C(55%)-6C,10,5,450,0.06554533147138722,0.04991640778633944,0.004296190477694024
EL150800453773,6C(60%)-3C,10,5,606,0.011035606455890676,0.006002654121393377,0.00012178460984929595
EL150800460602,2C(2%)-5C,10,5,427,0.006678378747411629,0.004552846475759202,4.460074269387931e-05
EL150800460604,4.9C(69%)-4.25C,10,5,487,0.012651167642462402,0.008970189839670732,0.0001600520427176877
EL150800460627,5.6C(58%)-3.5C,10,5,448,0.03516805571605118,0.01725443125634298,0.0012367921428472802
EL150800460640,6C(40%)-3.6C,10,5,720,0.020219257602529163,0.01307820019045217,0.0004088183779974334
EL150800460641,5.2C(58%)-4C,10,5,509,0.010773529939686067,0.008227732623809615,0.00011606894736131208
EL150800463871,5.4C(60%)-3.6C,10,5,548,0.03332159896451319,0.02694847165318409,0.0011103289575518467
EL150800453113,5.4C(50%)-3C,20,1,698,0.056277253318242335,0.038568717530612744,0.003167129241045618
EL150800460478,4.4C(24%)-5C,20,1,473,0.019247350048310904,0.012293078379871277,0.00037046048388221373
EL150800460511,5.6C(38%)-4.25C,20,1,457,0.011789414781321676,0.008105286760893756,0.00013899030088604603
EL150800460518,1C(4%)-6C,20,1,279,0.07814885255215341,0.06378909576565875,0.006107243155218214
EL150800460608,5.2C(37%)-4.5C,20,1,471,0.030263570489515057,0.020366356637201485,0.0009158836987738467
EL150800460611,4.8C(80%)-4.8C,20,1,440,0.04262430357333902,0.027810808215376535,0.0018168312551121613
EL150800460613,6C(4%)-4.75C,20,1,466,0.027215710800881903,0.015559356808113134,0.00074069491439724
EL150800460614,4.9C(27%)-4.75C,20,1,447,0.011940190968845757,0.0075608561126569735,0.00014256816037250576
EL150800465027,4.8C(80%)-4.8C,20,1,849,0.059918259677633,0.04052962211962954,0.003590197842796261
EL150800460486,3.6C(80%)-3.6C,20,2,2139,0.07459252194169401,0.05370850543526464,0.005564044329622103
EL150800460498,6C(31%)-4.25C,20,2,441,0.014600164572027171,0.008082297091996796,0.00021316480553027736
EL150800460501,4.65C(69%)-6C,20,2,506,0.005882524277049441,0.005086120128360444,3.460409187007605e-05
EL150800460522,5.4C(50%)-3.6C,20,2,836,0.0774549954882173,0.05611555295622162,0.005999276326079762
EL150800460525,6C(50%)-3C,20,2,721,0.011709936190003115,0.008997001689972502,0.00013712260557394466
EL150800460618,7C(40%)-3C,20,2,681,0.024153060317473347,0.012513929815149077,0.0005833703226995057
EL150800460659,5.4C(80%)-5.4C,20,2,849,0.02763295640545795,0.017547091899809363,0.0007635802797059394
EL150800464977,4C(80%)-4C,20,2,1413,0.07105416396106409,0.04900274246180973,0.005048694216205778
EL150800460485,7C(40%)-3.6C,20,3,595,0.01725440524581135,0.010376905339145419,0.0002977145003866822
EL150800460506,6C(50%)-3.6C,20,3,683,0.04669732188441585,0.02680254777794945,0.0021806398711767434
EL150800460507,6C(30%)-3.6C,20,3,839,0.024303709925718592,0.014429502880499125,0.0005906703161534724
EL150800460603,4.65C(19%)-4.85C,20,3,468,0.008833797511882135,0.007494508387315338,7.803597848093501e-05
EL150800460630,5.4C(70%)-3C,20,3,996,0.02547228489428749,0.015892107612211326,0.0006488372977357466
EL150800460634,3.6C(30%)-6C,20,3,490,0.04962407195183681,0.044646111779201046,0.0024625485170810765
EL150800463208,4C(40%)-6C,20,3,462,0.03624256925392687,0.029478347047124886,0.001313523826125685
EL150800463882,5.4C(40%)-3.6C,20,3,767,0.03366156353073503,0.01812351384995508,0.0011331008593337107
EL150800460466,4C(13%)-5C,20,4,456,0.01702356122046124,0.013121715996604862,0.0002898016366267917
EL150800460513,5.6C(65%)-3C,20,4,408,0.012994740977389316,0.007038087501095773,0.00016886329306944103
EL150800460615,6C(40%)-3C,20,4,688,0.004833794330982743,0.0033825907663932375,2.3365567634240905e-05
EL150800460628,5.2C(71%)-3C,20,4,442,0.01190791212317536,0.006768857852994443,0.0001417983711332667
EL150800460655,3.6C(22%)-5.5C,20,4,423,0.043974182544851845,0.03372364284725614,0.001933728730487953
EL150800463229,7C(30%)-3.6C,20,4,945,0.007078613542305186,0.004994410365790052,5.010676968130638e-05
EL150800464881,5.4C(60%)-3C,20,4,767,0.04506164872665819,0.028002633311946856,0.0020305521859647355
EL150800464883,4.4C(80%)-4.4C,20,4,1053,0.06713995791261135,0.045465304460795414,0.004507773948507224
EL150800440551,4.4C(55%)-6C,20,5,440,0.08238294774822867,0.06999705830642275,0.006786950079687376
EL150800453773,6C(60%)-3C,20,5,596,0.012784468669876727,0.0066135437997526395,0.0001634426391710596
EL150800460602,2C(2%)-5C,20,5,417,0.024498003314415512,0.014699154408576632,0.0006001521663931133
EL150800460604,4.9C(69%)-4.25C,20,5,477,0.02899265311816189,0.014583752875593537,0.0008405739348300624
EL150800460627,5.6C(58%)-3.5C,20,5,438,0.03415309815946308,0.01654314443246752,0.0011664341138899203
EL150800460640,6C(40%)-3.6C,20,5,710,0.005890497030057895,0.0031192667410665357,3.469795526112089e-05
EL150800460641,5.2C(58%)-4C,20,5,499,0.012861907209631927,0.010939008318248993,0.00016542865706918174
EL150800463871,5.4C(60%)-3.6C,20,5,538,0.047391645539274184,0.035714776062875764,0.0022459680669202065
EL150800453113,5.4C(50%)-3C,50,1,668,0.04886656058363028,0.03305705767857146,0.0023879407432736083
EL150800460478,4.4C(24%)-5C,50,1,443,0.012202641883946565,0.008751822294886018,0.000148904468947847
EL150800460511,5.6C(38%)-4.25C,50,1,427,0.014895491325021463,0.008880456524373479,0.00022187566181378968
EL150800460518,1C(4%)-6C,50,1,249,0.07808724559670312,0.06487747179934583,0.006097617924879831
EL150800460608,5.2C(37%)-4.5C,50,1,441,0.019505314776925943,0.010561946780430846,0.00038045730454696556
EL150800460611,4.8C(80%)-4.8C,50,1,410,0.039523611412010835,0.026468223062622538,0.001562115859047633
EL150800460613,6C(4%)-4.75C,50,1,436,0.02024776885529153,0.012118848699052614,0.00040997214361731377
EL150800460614,4.9C(27%)-4.75C,50,1,417,0.0035158051712128086,0.002675105903643839,1.2360886001926726e-05
EL150800465027,4.8C(80%)-4.8C,50,1,819,0.03235326359060126,0.01929694011015264,0.0010467336649629254
EL150800460486,3.6C(80%)-3.6C,50,2,2109,0.07444114180936275,0.05376619717403772,0.005541483593881654
EL150800460498,6C(31%)-4.25C,50,2,411,0.009832502399298055,0.006007967540667278,9.6678103432202e-05
EL150800460501,4.65C(69%)-6C,50,2,476,0.016209089011847068,0.009289547454574679,0.0002627345665939814
EL150800460522,5.4C(50%)-3.6C,50,2,806,0.07723046118380333,0.056460427957884605,0.005964544134662953
EL150800460525,6C(50%)-3C,50,2,691,0.02971910030480478,0.019836708273181854,0.0008832249229270477
EL150800460618,7C(40%)-3C,50,2,651,0.01712781512516839,0.00959019504413736,0.00029336205096194704
EL150800460659,5.4C(80%)-5.4C,50,2,819,0.032055270829902574,0.02045298879378296,0.0010275403879784028
EL150800464977,4C(80%)-4C,50,2,1383,0.05117130875695084,0.03254398587183734,0.0026185028398991936
EL150800460485,7C(40%)-3.6C,50,3,565,0.04089324713551235,0.02702506644238977,0.0016722576612860892
EL150800460506,6C(50%)-3.6C,50,3,653,0.04612398564515414,0.026747836725232878,0.0021274220517943847
EL150800460507,6C(30%)-3.6C,50,3,809,0.0027987539579754223,0.0015732705738790702,7.833023717283091e-06
EL150800460603,4.65C(19%)-4.85C,50,3,438,0.03143260358483656,0.017942362488042478,0.0009880085681214798
EL150800460630,5.4C(70%)-3C,50,3,966,0.014369053685066139,0.009961730084393402,0.00020646970380431277
EL150800460634,3.6C(30%)-6C,50,3,460,0.0339497900220939,0.02759544717813766,0.0011525882425442665
EL150800463208,4C(40%)-6C,50,3,432,0.013837222208759018,0.012301120157530376,0.0001914687184545738
EL150800463882,5.4C(40%)-3.6C,50,3,737,0.041334155586621166,0.02403315499828042,0.0017085124180590057
EL150800460466,4C(13%)-5C,50,4,426,0.02175860843390031,0.01705306272819986,0.0004734370409797977
EL150800460513,5.6C(65%)-3C,50,4,378,0.028790182615148298,0.015165720120029468,0.0008288746150135872
EL150800460615,6C(40%)-3C,50,4,658,0.01889710736458488,0.012537086000458894,0.00035710066674864805
EL150800460628,5.2C(71%)-3C,50,4,412,0.02361583107228251,0.013960063784281853,0.000557707477234584
EL150800460655,3.6C(22%)-5.5C,50,4,393,0.04177001760931237,0.032537185289617424,0.0017447343710822656
EL150800463229,7C(30%)-3.6C,50,4,915,0.008730956054280313,0.004881224211257183,7.622959362177404e-05
EL150800464881,5.4C(60%)-3C,50,4,737,0.052677426631414184,0.034281865034763104,0.0027749112765080245
EL150800464883,4.4C(80%)-4.4C,50,4,1023,0.0731156503216363,0.051378250387402416,0.005345898321955795
EL150800440551,4.4C(55%)-6C,50,5,410,0.06913927311088498,0.05518171607503416,0.004780239086301543
EL150800453773,6C(60%)-3C,50,5,566,0.0059162880552940346,0.004915377700961126,3.500246435321487e-05
EL150800460602,2C(2%)-5C,50,5,387,0.026859008431741282,0.016724492387227424,0.0007214063339363493
EL150800460604,4.9C(69%)-4.25C,50,5,447,0.02453247089197257,0.012839960299644331,0.0006018421280654814
EL150800460627,5.6C(58%)-3.5C,50,5,408,0.03312119679041652,0.016352640872452338,0.0010970136768294976
EL150800460640,6C(40%)-3.6C,50,5,680,0.030846737157802673,0.020277698755531724,0.0009515211932825642
EL150800460641,5.2C(58%)-4C,50,5,469,0.00950294082097734,0.007543202936757257,9.030588424699747e-05
EL150800463871,5.4C(60%)-3.6C,50,5,508,0.04133645831043873,0.03235256718126399,0.001708702785650639
EL150800453113,5.4C(50%)-3C,100,1,618,0.02525762415993749,0.01755040062095984,0.0006379475782046579
EL150800460478,4.4C(24%)-5C,100,1,393,0.03439172834478493,0.023562934532426374,0.0011827909785414833
EL150800460511,5.6C(38%)-4.25C,100,1,377,0.023284818268360926,0.0124256466350273,0.0005421827617905948
EL150800460518,1C(4%)-6C,100,1,199,0.06600205859799893,0.054998687265879094,0.004356271739173684
EL150800460608,5.2C(37%)-4.5C,100,1,391,0.029659126653384122,0.01694770666432694,0.0008796637938414804
EL150800460611,4.8C(80%)-4.8C,100,1,360,0.04778593793751753,0.033095543277832776,0.002283495864568277
EL150800460613,6C(4%)-4.75C,100,1,386,0.023118051963430582,0.01475271670337042,0.0005344443265838766
EL150800460614,4.9C(27%)-4.75C,100,1,367,0.026190111002105318,0.01738919411609519,0.000685921914302598
EL150800465027,4.8C(80%)-4.8C,100,1,769,0.008380470967554057,0.005031369767573797,7.023229363801642e-05
EL150800460486,3.6C(80%)-3.6C,100,2,2059,0.07362675391834822,0.05336014723148555,0.005420898892553005
EL150800460498,6C(31%)-4.25C,100,2,361,0.019769624954677593,0.013656812319087932,0.000390838070848611
EL150800460501,4.65C(69%)-6C,100,2,426,0.0171369269664715,0.009921984897374302,0.0002936742658541781
EL150800460522,5.4C(50%)-3.6C,100,2,756,0.07141575213980912,0.05215081272059835,0.005100209653694652
EL150800460525,6C(50%)-3C,100,2,641,0.02099985391642893,0.015301344351373095,0.0004409938645113555
EL150800460618,7C(40%)-3C,100,2,601,0.024490674522961737,0.013713618747091871,0.0005997931385896471
EL150800460659,5.4C(80%)-5.4C,100,2,769,0.019584299580269336,0.013450672524735469,0.0003835447900497377
EL150800464977,4C(80%)-4C,100,2,1333,0.043865085486401056,0.027679770853483724,0.0019241457247292724
EL150800460485,7C(40%)-3.6C,100,3,515,0.03747142443626143,0.025378065106698572,0.0014041076492824506
EL150800460506,6C(50%)-3.6C,100,3,603,0.04808207616119455,0.028221231344763918,0.0023118860479709132
EL150800460507,6C(30%)-3.6C,100,3,759,0.016831053876858952,0.010730772839659721,0.0002832843746057288
EL150800460603,4.65C(19%)-4.85C,100,3,388,0.020910158431143626,0.013081007605223712,0.0004372347256155269
EL150800460630,5.4C(70%)-3C,100,3,916,0.02211211584107745,0.014300057314746052,0.0004889456669692283
EL150800460634,3.6C(30%)-6C,100,3,410,0.025473759230708146,0.022610795787656984,0.0006489124093440885
EL150800463208,4C(40%)-6C,100,3,382,0.013170719177881264,0.011669226930281,0.00017346784366260932
EL150800463882,5.4C(40%)-3.6C,100,3,687,0.042253317674907614,0.024916010716218556,0.0017853428545366605
EL150800460466,4C(13%)-5C,100,4,376,0.012335099420513947,0.008805992807240535,0.00015215467771396353
EL150800460513,5.6C(65%)-3C,100,4,328,0.020105772232604926,0.011279800349644018,0.00040424207706938725
EL150800460615,6C(40%)-3C,100,4,608,0.008186802338981915,0.0064533227697233875,6.702373253755977e-05
EL150800460628,5.2C(71%)-3C,100,4,362,0.020377168266152157,0.012848777294807863,0.00041522898654707853
EL150800460655,3.6C(22%)-5.5C,100,4,343,0.04216794274896764,0.03282310594093997,0.0017781353956802125
EL150800463229,7C(30%)-3.6C,100,4,865,0.016603823979350087,0.010153328565926302,0.000275686970737241
EL150800464881,5.4C(60%)-3C,100,4,687,0.05068253010762042,0.03390935870537365,0.0025687188581098503
EL150800464883,4.4C(80%)-4.4C,100,4,973,0.05618753973319432,0.03686201437860849,0.0031570396212692903
EL150800440551,4.4C(55%)-6C,100,5,360,0.06371815886692964,0.050932471295285116,0.004060003769391285
EL150800453773,6C(60%)-3C,100,5,516,0.00981519740237976,0.0053461191452319114,9.633810004768236e-05
EL150800460602,2C(2%)-5C,100,5,337,0.025494060200718364,0.01738099827521458,0.0006499471055178521
EL150800460604,4.9C(69%)-4.25C,100,5,397,0.020742411709324622,0.010746004999700024,0.00043024764351912723
EL150800460627,5.6C(58%)-3.5C,100,5,358,0.033476113186894224,0.016956629126115813,0.0011206501541017532
EL150800460640,6C(40%)-3.6C,100,5,630,0.02176764104575403,0.014583892343131968,0.0004738301966967956
EL150800460641,5.2C(58%)-4C,100,5,419,0.008890417245446699,0.007495768059387901,7.903951879813607e-05
EL150800463871,5.4C(60%)-3.6C,100,5,458,0.022984167184871996,0.020275598787709452,0.0005282719411821466
