model_id,model_name,barcode,policy_table9,k,outer_fold,future_point_count,soh_mse,soh_rmse,soh_mae
M1,策略参数 Ridge（设计前基线）,EL150800453113,5.4C(50%)-3C,5,1,713,0.00035754978528540856,0.018908986892094682,0.014618781073275546
M1,策略参数 Ridge（设计前基线）,EL150800460478,4.4C(24%)-5C,5,1,488,0.0010449679821497768,0.032325964520022864,0.019067170686490432
M1,策略参数 Ridge（设计前基线）,EL150800460511,5.6C(38%)-4.25C,5,1,472,0.0011971236640968305,0.03459947491070971,0.01823397429763754
M1,策略参数 Ridge（设计前基线）,EL150800460518,1C(4%)-6C,5,1,294,0.00542547267991436,0.07365780800373006,0.05851775860826467
M1,策略参数 Ridge（设计前基线）,EL150800460608,5.2C(37%)-4.5C,5,1,486,0.0011766985827004386,0.03430304042939107,0.018210548815787087
M1,策略参数 Ridge（设计前基线）,EL150800460611,4.8C(80%)-4.8C,5,1,455,0.0018134739389011134,0.04258490271095043,0.02674235618286721
M1,策略参数 Ridge（设计前基线）,EL150800460613,6C(4%)-4.75C,5,1,481,0.000894876618169651,0.029914488432357503,0.01671977203895228
M1,策略参数 Ridge（设计前基线）,EL150800460614,4.9C(27%)-4.75C,5,1,462,0.0012739177612006909,0.03569198455116626,0.020332522337154876
M1,策略参数 Ridge（设计前基线）,EL150800465027,4.8C(80%)-4.8C,5,1,864,0.002797856091428782,0.052894764310173294,0.03417527277648728
M1,策略参数 Ridge（设计前基线）,EL150800460486,3.6C(80%)-3.6C,5,2,2154,0.012423916230674998,0.11146262257221028,0.09594236579364739
M1,策略参数 Ridge（设计前基线）,EL150800460498,6C(31%)-4.25C,5,2,456,0.0012184581842256093,0.03490642038688025,0.018192503618651074
M1,策略参数 Ridge（设计前基线）,EL150800460501,4.65C(69%)-6C,5,2,521,4.6445828155630166e-05,0.006815117618620398,0.006043207675718821
M1,策略参数 Ridge（设计前基线）,EL150800460522,5.4C(50%)-3.6C,5,2,851,0.004130784119317088,0.06427117642705078,0.045335031249059965
M1,策略参数 Ridge（设计前基线）,EL150800460525,6C(50%)-3C,5,2,736,0.0009458228114488335,0.0307542324152113,0.020825988317262498
M1,策略参数 Ridge（设计前基线）,EL150800460618,7C(40%)-3C,5,2,696,2.2764742113301188e-05,0.004771241150193646,0.0040744692635167855
M1,策略参数 Ridge（设计前基线）,EL150800460659,5.4C(80%)-5.4C,5,2,864,0.005227168292721137,0.07229915831267428,0.05037228572762203
M1,策略参数 Ridge（设计前基线）,EL150800464977,4C(80%)-4C,5,2,1428,0.010809147519190421,0.10396705016105065,0.08322024972028307
M1,策略参数 Ridge（设计前基线）,EL150800460485,7C(40%)-3.6C,5,3,610,9.07717094079947e-05,0.009527418821905264,0.005536286401158309
M1,策略参数 Ridge（设计前基线）,EL150800460506,6C(50%)-3.6C,5,3,698,0.00045783917591751025,0.0213971768211956,0.0137544826740989
M1,策略参数 Ridge（设计前基线）,EL150800460507,6C(30%)-3.6C,5,3,854,0.004231077784284958,0.06504673538529784,0.04404076657034436
M1,策略参数 Ridge（设计前基线）,EL150800460603,4.65C(19%)-4.85C,5,3,483,0.0003757240675851539,0.019383603059935837,0.014508125160316387
M1,策略参数 Ridge（设计前基线）,EL150800460630,5.4C(70%)-3C,5,3,1011,0.0037121470786926924,0.060927391858610624,0.04099231853939277
M1,策略参数 Ridge（设计前基线）,EL150800460634,3.6C(30%)-6C,5,3,505,0.0014624963532488928,0.03824259867280063,0.0328270448728843
M1,策略参数 Ridge（设计前基线）,EL150800463208,4C(40%)-6C,5,3,477,0.0009797320169449666,0.03130067119000752,0.025759501875291444
M1,策略参数 Ridge（设计前基线）,EL150800463882,5.4C(40%)-3.6C,5,3,782,0.002252936870963697,0.04746511214527674,0.032410786488324995
M1,策略参数 Ridge（设计前基线）,EL150800460466,4C(13%)-5C,5,4,471,0.0003725769187897596,0.019302251650772758,0.01428624199526658
M1,策略参数 Ridge（设计前基线）,EL150800460513,5.6C(65%)-3C,5,4,423,0.0017175347740274877,0.04144315111122087,0.022323991776613965
M1,策略参数 Ridge（设计前基线）,EL150800460615,6C(40%)-3C,5,4,703,0.0003105973995427722,0.017623773703233148,0.011713001210160646
M1,策略参数 Ridge（设计前基线）,EL150800460628,5.2C(71%)-3C,5,4,457,0.0017344225987652932,0.04164639958946383,0.024347676230118933
M1,策略参数 Ridge（设计前基线）,EL150800460655,3.6C(22%)-5.5C,5,4,438,0.0011375042070867654,0.033726906278026235,0.026450400380170245
M1,策略参数 Ridge（设计前基线）,EL150800463229,7C(30%)-3.6C,5,4,960,0.00577657382593732,0.07600377507688233,0.05452865736569361
M1,策略参数 Ridge（设计前基线）,EL150800464881,5.4C(60%)-3C,5,4,782,0.00016191490217451465,0.012724578663928902,0.007274568298925245
M1,策略参数 Ridge（设计前基线）,EL150800464883,4.4C(80%)-4.4C,5,4,1068,0.005318673456874293,0.07292923595427483,0.05139242692710059
M1,策略参数 Ridge（设计前基线）,EL150800440551,4.4C(55%)-6C,5,5,455,0.0016537520214927222,0.040666349989797734,0.03360570941753197
M1,策略参数 Ridge（设计前基线）,EL150800453773,6C(60%)-3C,5,5,611,0.0009598224147624819,0.030981000867668588,0.01469178768113892
M1,策略参数 Ridge（设计前基线）,EL150800460602,2C(2%)-5C,5,5,432,0.0003044605847803511,0.017448798949507988,0.010538423777964904
M1,策略参数 Ridge（设计前基线）,EL150800460604,4.9C(69%)-4.25C,5,5,492,0.0012986436177729625,0.03603669820853407,0.01828203569238219
M1,策略参数 Ridge（设计前基线）,EL150800460627,5.6C(58%)-3.5C,5,5,453,0.0015322830466469076,0.03914438716657738,0.02005617927858738
M1,策略参数 Ridge（设计前基线）,EL150800460640,6C(40%)-3.6C,5,5,725,0.0005314800185935083,0.02305385040711222,0.015197312846600893
M1,策略参数 Ridge（设计前基线）,EL150800460641,5.2C(58%)-4C,5,5,514,0.0012460401652224814,0.035299294117906686,0.017469092784524038
M1,策略参数 Ridge（设计前基线）,EL150800463871,5.4C(60%)-3.6C,5,5,553,0.001974291681489321,0.04443300216606257,0.0333237253100176
M2,早期运行特征 Ridge（运行后基线）,EL150800453113,5.4C(50%)-3C,5,1,713,0.002317181582423597,0.04813711231912023,0.03328202014183511
M2,早期运行特征 Ridge（运行后基线）,EL150800460478,4.4C(24%)-5C,5,1,488,0.0006065804849719928,0.024628854723108683,0.014869798652497549
M2,早期运行特征 Ridge（运行后基线）,EL150800460511,5.6C(38%)-4.25C,5,1,472,0.00016976533830769487,0.013029402837724179,0.009818768133294251
M2,早期运行特征 Ridge（运行后基线）,EL150800460518,1C(4%)-6C,5,1,294,0.006109405488151474,0.0781626860346513,0.0621220849300409
M2,早期运行特征 Ridge（运行后基线）,EL150800460608,5.2C(37%)-4.5C,5,1,486,0.0007715927735295017,0.02777755881155689,0.01503172715028864
M2,早期运行特征 Ridge（运行后基线）,EL150800460611,4.8C(80%)-4.8C,5,1,455,0.0013951244330711455,0.037351364540952794,0.023351592821245333
M2,早期运行特征 Ridge（运行后基线）,EL150800460613,6C(4%)-4.75C,5,1,481,0.000131503660033484,0.011467504525112863,0.006923443223751339
M2,早期运行特征 Ridge（运行后基线）,EL150800460614,4.9C(27%)-4.75C,5,1,462,0.0007183335668300246,0.02680174559296511,0.015556028282977762
M2,早期运行特征 Ridge（运行后基线）,EL150800465027,4.8C(80%)-4.8C,5,1,864,0.000655098472003868,0.025594891521627278,0.015354342283807873
M2,早期运行特征 Ridge（运行后基线）,EL150800460486,3.6C(80%)-3.6C,5,2,2154,0.0075534634684435616,0.08691066372110826,0.06768621061824256
M2,早期运行特征 Ridge（运行后基线）,EL150800460498,6C(31%)-4.25C,5,2,456,4.6031870118229875e-05,0.006784679072603941,0.006431339550994039
M2,早期运行特征 Ridge（运行后基线）,EL150800460501,4.65C(69%)-6C,5,2,521,0.00024102036664086022,0.015524830647735266,0.00875952485146926
M2,早期运行特征 Ridge（运行后基线）,EL150800460522,5.4C(50%)-3.6C,5,2,851,0.00632962985369367,0.07955897091902125,0.0585645708971571
M2,早期运行特征 Ridge（运行后基线）,EL150800460525,6C(50%)-3C,5,2,736,0.0007801568192124123,0.027931287460702777,0.019111545897585753
M2,早期运行特征 Ridge（运行后基线）,EL150800460618,7C(40%)-3C,5,2,696,0.0006017068435353892,0.024529713482537647,0.013017838863749322
M2,早期运行特征 Ridge（运行后基线）,EL150800460659,5.4C(80%)-5.4C,5,2,864,0.0006851567386720062,0.02617549882374749,0.016549194862676996
M2,早期运行特征 Ridge（运行后基线）,EL150800464977,4C(80%)-4C,5,2,1428,0.005197445528157225,0.07209331125809956,0.0505867676928885
M2,早期运行特征 Ridge（运行后基线）,EL150800460485,7C(40%)-3.6C,5,3,610,0.0001346740136083655,0.011604913339114838,0.00693827752891203
M2,早期运行特征 Ridge（运行后基线）,EL150800460506,6C(50%)-3.6C,5,3,698,0.0022097969372852893,0.047008477291710794,0.026370605334028675
M2,早期运行特征 Ridge（运行后基线）,EL150800460507,6C(30%)-3.6C,5,3,854,3.784158239082793e-05,0.006151551218256086,0.0034561338404550004
M2,早期运行特征 Ridge（运行后基线）,EL150800460603,4.65C(19%)-4.85C,5,3,483,0.0005492991629830357,0.023437132140751257,0.016913186220150166
M2,早期运行特征 Ridge（运行后基线）,EL150800460630,5.4C(70%)-3C,5,3,1011,0.0006521425082893696,0.025537081044813434,0.015024869854451214
M2,早期运行特征 Ridge（运行后基线）,EL150800460634,3.6C(30%)-6C,5,3,505,0.0034604709078375246,0.05882576737992905,0.05068672199007758
M2,早期运行特征 Ridge（运行后基线）,EL150800463208,4C(40%)-6C,5,3,477,0.0020600865404069757,0.04538817621811848,0.03447551821036953
M2,早期运行特征 Ridge（运行后基线）,EL150800463882,5.4C(40%)-3.6C,5,3,782,0.0006012536039862174,0.024520473159917153,0.012694406848583618
M2,早期运行特征 Ridge（运行后基线）,EL150800460466,4C(13%)-5C,5,4,471,0.0003656234807987413,0.01912128345061443,0.01415916214007448
M2,早期运行特征 Ridge（运行后基线）,EL150800460513,5.6C(65%)-3C,5,4,423,0.00011139507034149623,0.010554386308142044,0.007212935084686835
M2,早期运行特征 Ridge（运行后基线）,EL150800460615,6C(40%)-3C,5,4,703,0.0004250936374053669,0.020617799043675028,0.013479188193048027
M2,早期运行特征 Ridge（运行后基线）,EL150800460628,5.2C(71%)-3C,5,4,457,0.0007760915036456031,0.0278584189006771,0.015402401643722198
M2,早期运行特征 Ridge（运行后基线）,EL150800460655,3.6C(22%)-5.5C,5,4,438,0.00253180535140783,0.05031704831772061,0.037006447637895144
M2,早期运行特征 Ridge（运行后基线）,EL150800463229,7C(30%)-3.6C,5,4,960,0.0005321367964042005,0.02306809043688273,0.013473565303492847
M2,早期运行特征 Ridge（运行后基线）,EL150800464881,5.4C(60%)-3C,5,4,782,0.0025766275717965296,0.05076049223359176,0.032555284940164166
M2,早期运行特征 Ridge（运行后基线）,EL150800464883,4.4C(80%)-4.4C,5,4,1068,0.0043630369675736694,0.06605328884751818,0.04497456212601257
M2,早期运行特征 Ridge（运行后基线）,EL150800440551,4.4C(55%)-6C,5,5,455,0.0014022490951077584,0.037446616604277595,0.02617498470390821
M2,早期运行特征 Ridge（运行后基线）,EL150800453773,6C(60%)-3C,5,5,611,0.00026328315952480537,0.016226002573795105,0.008602784542081694
M2,早期运行特征 Ridge（运行后基线）,EL150800460602,2C(2%)-5C,5,5,432,9.437945730325004e-05,0.009714909021872003,0.00636760138401312
M2,早期运行特征 Ridge（运行后基线）,EL150800460604,4.9C(69%)-4.25C,5,5,492,0.00047109401070248867,0.021704700198401466,0.01782041499767576
M2,早期运行特征 Ridge（运行后基线）,EL150800460627,5.6C(58%)-3.5C,5,5,453,0.00021705712860561392,0.01473285880627429,0.010554318123818249
M2,早期运行特征 Ridge（运行后基线）,EL150800460640,6C(40%)-3.6C,5,5,725,0.00037886694739601895,0.019464504807367153,0.0130082326932392
M2,早期运行特征 Ridge（运行后基线）,EL150800460641,5.2C(58%)-4C,5,5,514,0.00028619165598290356,0.01691720000422362,0.014449004552285228
M2,早期运行特征 Ridge（运行后基线）,EL150800463871,5.4C(60%)-3.6C,5,5,553,0.0009147776381717279,0.030245291173531922,0.024437285935695215
M3,策略＋早期特征联合 Ridge,EL150800453113,5.4C(50%)-3C,5,1,713,0.001681134788026395,0.041001643723470343,0.02840200491247953
M3,策略＋早期特征联合 Ridge,EL150800460478,4.4C(24%)-5C,5,1,488,1.0590779884161708e-05,0.0032543478431418032,0.002681753702560792
M3,策略＋早期特征联合 Ridge,EL150800460511,5.6C(38%)-4.25C,5,1,472,0.00014593656508675817,0.012080420733019117,0.009550787468475734
M3,策略＋早期特征联合 Ridge,EL150800460518,1C(4%)-6C,5,1,294,0.005950236215651886,0.07713777424616221,0.06131586830060396
M3,策略＋早期特征联合 Ridge,EL150800460608,5.2C(37%)-4.5C,5,1,486,0.00020878641479737283,0.014449443407874673,0.008866520589964951
M3,策略＋早期特征联合 Ridge,EL150800460611,4.8C(80%)-4.8C,5,1,455,0.001675093668439134,0.04092790818548065,0.025617392133108065
M3,策略＋早期特征联合 Ridge,EL150800460613,6C(4%)-4.75C,5,1,481,0.0003417923116626125,0.018487625906606086,0.011755042582974669
M3,策略＋早期特征联合 Ridge,EL150800460614,4.9C(27%)-4.75C,5,1,462,0.0003122649336551647,0.017671019598629975,0.010781320403316131
M3,策略＋早期特征联合 Ridge,EL150800465027,4.8C(80%)-4.8C,5,1,864,0.0003812126125000991,0.019524666770526434,0.011578630561165638
M3,策略＋早期特征联合 Ridge,EL150800460486,3.6C(80%)-3.6C,5,2,2154,0.007513124249278834,0.08667828014721354,0.06743088218953096
M3,策略＋早期特征联合 Ridge,EL150800460498,6C(31%)-4.25C,5,2,456,3.1116854524942124e-05,0.00557824833840715,0.005168598851554248
M3,策略＋早期特征联合 Ridge,EL150800460501,4.65C(69%)-6C,5,2,521,6.278776106489374e-05,0.007923872857693626,0.005431384591643633
M3,策略＋早期特征联合 Ridge,EL150800460522,5.4C(50%)-3.6C,5,2,851,0.005321509004806438,0.0729486737700312,0.05264066854519472
M3,策略＋早期特征联合 Ridge,EL150800460525,6C(50%)-3C,5,2,736,0.0002464841796558058,0.015699814637625688,0.011795085964275764
M3,策略＋早期特征联合 Ridge,EL150800460618,7C(40%)-3C,5,2,696,0.0008711512466880588,0.029515271414778804,0.015165725008684527
M3,策略＋早期特征联合 Ridge,EL150800460659,5.4C(80%)-5.4C,5,2,864,0.0005684350645464536,0.023841876279908292,0.015101926903278122
M3,策略＋早期特征联合 Ridge,EL150800464977,4C(80%)-4C,5,2,1428,0.005038553771091095,0.07098277094542799,0.049581393626897854
M3,策略＋早期特征联合 Ridge,EL150800460485,7C(40%)-3.6C,5,3,610,3.45657603582821e-05,0.005879265290687443,0.003121616110611048
M3,策略＋早期特征联合 Ridge,EL150800460506,6C(50%)-3.6C,5,3,698,0.0021068052763918337,0.04589994854454451,0.02552265756420197
M3,策略＋早期特征联合 Ridge,EL150800460507,6C(30%)-3.6C,5,3,854,0.0005154816069453699,0.022704220025038736,0.013699636486657679
M3,策略＋早期特征联合 Ridge,EL150800460603,4.65C(19%)-4.85C,5,3,483,0.00015115652173679653,0.012294572857029094,0.007746851228763496
M3,策略＋早期特征联合 Ridge,EL150800460630,5.4C(70%)-3C,5,3,1011,0.0009374610856842586,0.0306179863100802,0.017945113115024815
M3,策略＋早期特征联合 Ridge,EL150800460634,3.6C(30%)-6C,5,3,505,0.0016583093964576744,0.04072234517384374,0.0356589709423954
M3,策略＋早期特征联合 Ridge,EL150800463208,4C(40%)-6C,5,3,477,0.0009579933559834838,0.030951467751683177,0.025538136835723223
M3,策略＋早期特征联合 Ridge,EL150800463882,5.4C(40%)-3.6C,5,3,782,0.0005160195111188674,0.022716062843698672,0.011832589853989306
M3,策略＋早期特征联合 Ridge,EL150800460466,4C(13%)-5C,5,4,471,0.000205122334977672,0.01432209254884467,0.008317961813797244
M3,策略＋早期特征联合 Ridge,EL150800460513,5.6C(65%)-3C,5,4,423,0.001088196921383239,0.03298782989805845,0.017221272574798635
M3,策略＋早期特征联合 Ridge,EL150800460615,6C(40%)-3C,5,4,703,0.0006648405658375926,0.025784502435331046,0.016556727742902566
M3,策略＋早期特征联合 Ridge,EL150800460628,5.2C(71%)-3C,5,4,457,0.00141367464320091,0.03759886491904922,0.021219621767655433
M3,策略＋早期特征联合 Ridge,EL150800460655,3.6C(22%)-5.5C,5,4,438,0.0016074312920889657,0.040092783541292885,0.03049209663629476
M3,策略＋早期特征联合 Ridge,EL150800463229,7C(30%)-3.6C,5,4,960,0.00012062717751825298,0.010983040449632013,0.006243274889432728
M3,策略＋早期特征联合 Ridge,EL150800464881,5.4C(60%)-3C,5,4,782,0.001321112720441483,0.036347114334448656,0.022258724136703774
M3,策略＋早期特征联合 Ridge,EL150800464883,4.4C(80%)-4.4C,5,4,1068,0.0031901116301830015,0.05648107320318021,0.036618068043641976
M3,策略＋早期特征联合 Ridge,EL150800440551,4.4C(55%)-6C,5,5,455,0.0005838531108783097,0.02416305259850894,0.01878436127900401
M3,策略＋早期特征联合 Ridge,EL150800453773,6C(60%)-3C,5,5,611,0.0007602346810675123,0.027572353564168445,0.013192371394344876
M3,策略＋早期特征联合 Ridge,EL150800460602,2C(2%)-5C,5,5,432,0.0007846032219534327,0.02801076974939162,0.017786924073259516
M3,策略＋早期特征联合 Ridge,EL150800460604,4.9C(69%)-4.25C,5,5,492,0.0005685189990211369,0.0238436364470929,0.013827986741474806
M3,策略＋早期特征联合 Ridge,EL150800460627,5.6C(58%)-3.5C,5,5,453,0.0007636304937960513,0.027633864981143178,0.015292732256772237
M3,策略＋早期特征联合 Ridge,EL150800460640,6C(40%)-3.6C,5,5,725,0.0002806749001424835,0.016753354892154692,0.01136776583597105
M3,策略＋早期特征联合 Ridge,EL150800460641,5.2C(58%)-4C,5,5,514,0.00033521703080431126,0.018308933087548038,0.011481030422331086
M3,策略＋早期特征联合 Ridge,EL150800463871,5.4C(60%)-3.6C,5,5,553,0.0016872840446491924,0.04107656320396331,0.031201396812015066
M4,P3 策略先验＋早期残差 Ridge,EL150800453113,5.4C(50%)-3C,5,1,713,0.0038309314310326216,0.0618945185863225,0.04367454439724357
M4,P3 策略先验＋早期残差 Ridge,EL150800460478,4.4C(24%)-5C,5,1,488,0.009780375500783488,0.09889578100598372,0.07974942961411527
M4,P3 策略先验＋早期残差 Ridge,EL150800460511,5.6C(38%)-4.25C,5,1,472,0.00019048108755674334,0.013801488599304908,0.010057721656788001
M4,P3 策略先验＋早期残差 Ridge,EL150800460518,1C(4%)-6C,5,1,294,0.004166721252730189,0.06455014525723539,0.051833502510587666
M4,P3 策略先验＋早期残差 Ridge,EL150800460608,5.2C(37%)-4.5C,5,1,486,0.0025931442939412033,0.05092292503324218,0.03545405220446073
M4,P3 策略先验＋早期残差 Ridge,EL150800460611,4.8C(80%)-4.8C,5,1,455,0.002356497289286913,0.04854376673978764,0.031236920018499648
M4,P3 策略先验＋早期残差 Ridge,EL150800460613,6C(4%)-4.75C,5,1,481,0.00029697928737986784,0.017233086995076297,0.01099799906679269
M4,P3 策略先验＋早期残差 Ridge,EL150800460614,4.9C(27%)-4.75C,5,1,462,0.0010279191438022292,0.032061178141207305,0.020895112598360275
M4,P3 策略先验＋早期残差 Ridge,EL150800465027,4.8C(80%)-4.8C,5,1,864,4.773879333443974e-05,0.006909326547098475,0.0040914603373109325
M4,P3 策略先验＋早期残差 Ridge,EL150800460486,3.6C(80%)-3.6C,5,2,2154,0.002782081388870602,0.05274543950779633,0.033086340667675795
M4,P3 策略先验＋早期残差 Ridge,EL150800460498,6C(31%)-4.25C,5,2,456,0.00010737105710527315,0.01036200063237178,0.007292174758572611
M4,P3 策略先验＋早期残差 Ridge,EL150800460501,4.65C(69%)-6C,5,2,521,0.0035858973068482475,0.05988236223503752,0.0395825802966619
M4,P3 策略先验＋早期残差 Ridge,EL150800460522,5.4C(50%)-3.6C,5,2,851,0.005314755733936244,0.07290237125043494,0.0526004908131526
M4,P3 策略先验＋早期残差 Ridge,EL150800460525,6C(50%)-3C,5,2,736,0.0023514939423148313,0.048492204964456206,0.03240125143386398
M4,P3 策略先验＋早期残差 Ridge,EL150800460618,7C(40%)-3C,5,2,696,0.0008342049031963122,0.02888260554722015,0.014893670482026384
M4,P3 策略先验＋早期残差 Ridge,EL150800460659,5.4C(80%)-5.4C,5,2,864,0.009600762848304389,0.09798348252794646,0.07490386310092854
M4,P3 策略先验＋早期残差 Ridge,EL150800464977,4C(80%)-4C,5,2,1428,0.0020610088135579593,0.04539833492054482,0.028792982994091512
M4,P3 策略先验＋早期残差 Ridge,EL150800460485,7C(40%)-3.6C,5,3,610,0.0030705977541589046,0.05541297460125114,0.03312384500844797
M4,P3 策略先验＋早期残差 Ridge,EL150800460506,6C(50%)-3.6C,5,3,698,0.0013857429595355143,0.03722556862608702,0.01962871883963553
M4,P3 策略先验＋早期残差 Ridge,EL150800460507,6C(30%)-3.6C,5,3,854,0.0013837783554471368,0.03719917143495453,0.02309672057199828
M4,P3 策略先验＋早期残差 Ridge,EL150800460603,4.65C(19%)-4.85C,5,3,483,0.0040472139158418555,0.06361771699646142,0.04344501705202791
M4,P3 策略先验＋早期残差 Ridge,EL150800460630,5.4C(70%)-3C,5,3,1011,0.0048786853286481024,0.06984758641963301,0.048826077463548744
M4,P3 策略先验＋早期残差 Ridge,EL150800460634,3.6C(30%)-6C,5,3,505,0.0011606143852454156,0.03406779102386029,0.02895517621395688
M4,P3 策略先验＋早期残差 Ridge,EL150800463208,4C(40%)-6C,5,3,477,0.0012059142754870676,0.0347262764414365,0.027896855339289817
M4,P3 策略先验＋早期残差 Ridge,EL150800463882,5.4C(40%)-3.6C,5,3,782,0.00037217520497888774,0.019291842964809965,0.010279538835787446
M4,P3 策略先验＋早期残差 Ridge,EL150800460466,4C(13%)-5C,5,4,471,0.00014058280712320314,0.011856762084279297,0.007499218936457745
M4,P3 策略先验＋早期残差 Ridge,EL150800460513,5.6C(65%)-3C,5,4,423,0.0012753629247579405,0.035712223744229936,0.01860167121110941
M4,P3 策略先验＋早期残差 Ridge,EL150800460615,6C(40%)-3C,5,4,703,6.447299826065192e-05,0.008029507971267724,0.004239634280342797
M4,P3 策略先验＋早期残差 Ridge,EL150800460628,5.2C(71%)-3C,5,4,457,0.0017394467936704629,0.04170667564875512,0.02439689375881124
M4,P3 策略先验＋早期残差 Ridge,EL150800460655,3.6C(22%)-5.5C,5,4,438,0.0006109124090410452,0.02471664234966079,0.020373090034199435
M4,P3 策略先验＋早期残差 Ridge,EL150800463229,7C(30%)-3.6C,5,4,960,0.0035683169023883817,0.05973539070256745,0.04048577042943209
M4,P3 策略先验＋早期残差 Ridge,EL150800464881,5.4C(60%)-3C,5,4,782,0.0025051375646096686,0.050051349278612545,0.032021452984812564
M4,P3 策略先验＋早期残差 Ridge,EL150800464883,4.4C(80%)-4.4C,5,4,1068,0.0004424265112584387,0.021033937131655564,0.011574279553315844
M4,P3 策略先验＋早期残差 Ridge,EL150800440551,4.4C(55%)-6C,5,5,455,0.001954567687431628,0.04421049295621604,0.030747389461203672
M4,P3 策略先验＋早期残差 Ridge,EL150800453773,6C(60%)-3C,5,5,611,0.002090716840290871,0.04572435718838343,0.03087713594589252
M4,P3 策略先验＋早期残差 Ridge,EL150800460602,2C(2%)-5C,5,5,432,0.0020611278565640097,0.045399645996020824,0.03020433653377334
M4,P3 策略先验＋早期残差 Ridge,EL150800460604,4.9C(69%)-4.25C,5,5,492,0.0007049805090068798,0.02655146905553212,0.02080514204122284
M4,P3 策略先验＋早期残差 Ridge,EL150800460627,5.6C(58%)-3.5C,5,5,453,0.0011537918979918568,0.033967512390398226,0.01742053707050177
M4,P3 策略先验＋早期残差 Ridge,EL150800460640,6C(40%)-3.6C,5,5,725,0.00047912404788557863,0.02188890239106517,0.010759859469645274
M4,P3 策略先验＋早期残差 Ridge,EL150800460641,5.2C(58%)-4C,5,5,514,0.0006353805857509772,0.02520675674796298,0.01966410233147716
M4,P3 策略先验＋早期残差 Ridge,EL150800463871,5.4C(60%)-3.6C,5,5,553,0.0013403178356438874,0.03661035148211346,0.028437810580573136
M1,策略参数 Ridge（设计前基线）,EL150800453113,5.4C(50%)-3C,10,1,708,0.00033322180666909716,0.01825436404449898,0.013375222253483626
M1,策略参数 Ridge（设计前基线）,EL150800460478,4.4C(24%)-5C,10,1,483,0.0010792201446119076,0.03285148618574063,0.01953774952534552
M1,策略参数 Ridge（设计前基线）,EL150800460511,5.6C(38%)-4.25C,10,1,467,0.0012358471980257082,0.03515461844517315,0.01801530060597566
M1,策略参数 Ridge（设计前基线）,EL150800460518,1C(4%)-6C,10,1,289,0.00566760605840278,0.07528350455712579,0.0607414451475431
M1,策略参数 Ridge（设计前基线）,EL150800460608,5.2C(37%)-4.5C,10,1,481,0.001228335778521204,0.03504762158151683,0.018322351544723434
M1,策略参数 Ridge（设计前基线）,EL150800460611,4.8C(80%)-4.8C,10,1,450,0.001893176894362455,0.04351065265383243,0.02785462268207453
M1,策略参数 Ridge（设计前基线）,EL150800460613,6C(4%)-4.75C,10,1,476,0.0009200202979807832,0.030331836376665082,0.017025277522962574
M1,策略参数 Ridge（设计前基线）,EL150800460614,4.9C(27%)-4.75C,10,1,457,0.0013380566030606227,0.036579456024668035,0.02096844306239366
M1,策略参数 Ridge（设计前基线）,EL150800465027,4.8C(80%)-4.8C,10,1,859,0.0027985743835337172,0.05290155369678397,0.033775992226698734
M1,策略参数 Ridge（设计前基线）,EL150800460486,3.6C(80%)-3.6C,10,2,2149,0.012439399848078455,0.11153205749056391,0.09584627601760459
M1,策略参数 Ridge（设计前基线）,EL150800460498,6C(31%)-4.25C,10,2,451,0.0012618497517085576,0.03552252456834336,0.018411833312589464
M1,策略参数 Ridge（设计前基线）,EL150800460501,4.65C(69%)-6C,10,2,516,5.550873539500751e-05,0.007450418471133518,0.006785302188244942
M1,策略参数 Ridge（设计前基线）,EL150800460522,5.4C(50%)-3.6C,10,2,846,0.004131797514953628,0.06427905969251284,0.044951962661559985
M1,策略参数 Ridge（设计前基线）,EL150800460525,6C(50%)-3C,10,2,731,0.0009326723202206476,0.030539684350376767,0.020130645633761227
M1,策略参数 Ridge（设计前基线）,EL150800460618,7C(40%)-3C,10,2,691,1.9766811547499463e-05,0.00444598825318955,0.0035347570173169802
M1,策略参数 Ridge（设计前基线）,EL150800460659,5.4C(80%)-5.4C,10,2,859,0.005243150478141474,0.07240960211285154,0.05026328715542363
M1,策略参数 Ridge（设计前基线）,EL150800464977,4C(80%)-4C,10,2,1423,0.010828337515686487,0.10405929807415812,0.08305044835318262
M1,策略参数 Ridge（设计前基线）,EL150800460485,7C(40%)-3.6C,10,3,605,9.692644244173847e-05,0.009845122774335446,0.006057613395794858
M1,策略参数 Ridge（设计前基线）,EL150800460506,6C(50%)-3.6C,10,3,693,0.0004511827193050373,0.021241062103977693,0.013232716717098742
M1,策略参数 Ridge（设计前基线）,EL150800460507,6C(30%)-3.6C,10,3,849,0.004244644966686592,0.06515093987569628,0.04391109343754956
M1,策略参数 Ridge（设计前基线）,EL150800460603,4.65C(19%)-4.85C,10,3,478,0.00038962903011618516,0.01973902302841215,0.014980493023978417
M1,策略参数 Ridge（设计前基线）,EL150800460630,5.4C(70%)-3C,10,3,1006,0.0037147300157592874,0.06094858501851612,0.04056979710657107
M1,策略参数 Ridge（设计前基线）,EL150800460634,3.6C(30%)-6C,10,3,500,0.0015331858243508225,0.039155916849830275,0.033930172415375624
M1,策略参数 Ridge（设计前基线）,EL150800463208,4C(40%)-6C,10,3,472,0.001001420917603745,0.031645235306499854,0.026263173684606685
M1,策略参数 Ridge（设计前基线）,EL150800463882,5.4C(40%)-3.6C,10,3,777,0.0022414973662639114,0.04734445444045069,0.03167480235694257
M1,策略参数 Ridge（设计前基线）,EL150800460466,4C(13%)-5C,10,4,466,0.0003918037540772002,0.019794033294839135,0.014913298633558334
M1,策略参数 Ridge（设计前基线）,EL150800460513,5.6C(65%)-3C,10,4,418,0.0017983978242602624,0.04240752084548521,0.0230142085045765
M1,策略参数 Ridge（设计前基线）,EL150800460615,6C(40%)-3C,10,4,698,0.0003016983575479024,0.017369466242458415,0.01125364633877283
M1,策略参数 Ridge（设计前基线）,EL150800460628,5.2C(71%)-3C,10,4,452,0.0017913372540169607,0.04232419230200336,0.02510450813436635
M1,策略参数 Ridge（设计前基线）,EL150800460655,3.6C(22%)-5.5C,10,4,433,0.0011515273115646598,0.03393416142421468,0.026772470931042045
M1,策略参数 Ridge（设计前基线）,EL150800463229,7C(30%)-3.6C,10,4,955,0.005790673235341697,0.07609647321224353,0.0543442197857609
M1,策略参数 Ridge（设计前基线）,EL150800464881,5.4C(60%)-3C,10,4,777,0.00015901339222661282,0.01261005123806453,0.0072318540162737265
M1,策略参数 Ridge（设计前基线）,EL150800464883,4.4C(80%)-4.4C,10,4,1063,0.005320710532731604,0.07294320072996252,0.05085052714961954
M1,策略参数 Ridge（设计前基线）,EL150800440551,4.4C(55%)-6C,10,5,450,0.0016421544567394634,0.040523504990800874,0.03350179270632043
M1,策略参数 Ridge（设计前基线）,EL150800453773,6C(60%)-3C,10,5,606,0.0009910855441051282,0.03148151114710233,0.014909500081342654
M1,策略参数 Ridge（设计前基线）,EL150800460602,2C(2%)-5C,10,5,427,0.000323059417809217,0.017973853727267758,0.010841179160827734
M1,策略参数 Ridge（设计前基线）,EL150800460604,4.9C(69%)-4.25C,10,5,487,0.0013451366505286436,0.03667610462588201,0.01815206580094964
M1,策略参数 Ridge（设计前基线）,EL150800460627,5.6C(58%)-3.5C,10,5,448,0.0016006503679702685,0.04000812877366634,0.02010923066261911
M1,策略参数 Ridge（设计前基线）,EL150800460640,6C(40%)-3.6C,10,5,720,0.0005255788422420472,0.02292550636828001,0.01474665517022304
M1,策略参数 Ridge（设计前基线）,EL150800460641,5.2C(58%)-4C,10,5,509,0.0012855515718247334,0.03585458927145496,0.017234343548814805
M1,策略参数 Ridge（设计前基线）,EL150800463871,5.4C(60%)-3.6C,10,5,548,0.0020436066962546753,0.04520626832923367,0.0344302413561207
M2,早期运行特征 Ridge（运行后基线）,EL150800453113,5.4C(50%)-3C,10,1,708,0.0027269128757903423,0.052219851357413326,0.03548559879166549
M2,早期运行特征 Ridge（运行后基线）,EL150800460478,4.4C(24%)-5C,10,1,483,0.0029296047669091193,0.054125823475575124,0.036633055767294066
M2,早期运行特征 Ridge（运行后基线）,EL150800460511,5.6C(38%)-4.25C,10,1,467,0.0003494623204144629,0.01869391131931632,0.011296101200913122
M2,早期运行特征 Ridge（运行后基线）,EL150800460518,1C(4%)-6C,10,1,289,0.005970978977320013,0.07727210995773322,0.062338569636613286
M2,早期运行特征 Ridge（运行后基线）,EL150800460608,5.2C(37%)-4.5C,10,1,481,0.0005619935666851481,0.023706403495366988,0.012633701475119904
M2,早期运行特征 Ridge（运行后基线）,EL150800460611,4.8C(80%)-4.8C,10,1,450,0.0011729086229358514,0.034247753545829124,0.021986125410561302
M2,早期运行特征 Ridge（运行后基线）,EL150800460613,6C(4%)-4.75C,10,1,476,0.0009616942892995651,0.03101119619265863,0.017397561544390545
M2,早期运行特征 Ridge（运行后基线）,EL150800460614,4.9C(27%)-4.75C,10,1,457,0.00021507797660260373,0.014665537037647265,0.009027078185448683
M2,早期运行特征 Ridge（运行后基线）,EL150800465027,4.8C(80%)-4.8C,10,1,859,0.0009027810491187959,0.030046315067222402,0.017800909274925125
M2,早期运行特征 Ridge（运行后基线）,EL150800460486,3.6C(80%)-3.6C,10,2,2149,0.006634243776266199,0.08145086725300228,0.06131143026910312
M2,早期运行特征 Ridge（运行后基线）,EL150800460498,6C(31%)-4.25C,10,2,451,0.0002044733819887955,0.014299418938851869,0.008499823982518579
M2,早期运行特征 Ridge（运行后基线）,EL150800460501,4.65C(69%)-6C,10,2,516,0.0001232060807342781,0.011099823455095045,0.0072249232220738535
M2,早期运行特征 Ridge（运行后基线）,EL150800460522,5.4C(50%)-3.6C,10,2,846,0.006286161060452203,0.07928531427983497,0.0580055181288507
M2,早期运行特征 Ridge（运行后基线）,EL150800460525,6C(50%)-3C,10,2,731,0.0015312971994161804,0.03913179269361654,0.025553907021720047
M2,早期运行特征 Ridge（运行后基线）,EL150800460618,7C(40%)-3C,10,2,691,0.0004956767859903441,0.02226379990006971,0.011648297571445018
M2,早期运行特征 Ridge（运行后基线）,EL150800460659,5.4C(80%)-5.4C,10,2,859,0.00038636144905915254,0.019656079188361868,0.012307846421196273
M2,早期运行特征 Ridge（运行后基线）,EL150800464977,4C(80%)-4C,10,2,1423,0.0032308587482464237,0.05684064345383877,0.03694025141695593
M2,早期运行特征 Ridge（运行后基线）,EL150800460485,7C(40%)-3.6C,10,3,605,0.0004403042601600473,0.020983428227056875,0.01267478657624027
M2,早期运行特征 Ridge（运行后基线）,EL150800460506,6C(50%)-3.6C,10,3,693,0.002169114674314058,0.046573755209496026,0.026458979829112456
M2,早期运行特征 Ridge（运行后基线）,EL150800460507,6C(30%)-3.6C,10,3,849,0.00029382816604345784,0.017141416687177807,0.009956938675537038
M2,早期运行特征 Ridge（运行后基线）,EL150800460603,4.65C(19%)-4.85C,10,3,478,0.00024093014330533137,0.015521924600555544,0.012323014698052154
M2,早期运行特征 Ridge（运行后基线）,EL150800460630,5.4C(70%)-3C,10,3,1006,0.0008305833143776682,0.02881984237253334,0.017431703416738546
M2,早期运行特征 Ridge（运行后基线）,EL150800460634,3.6C(30%)-6C,10,3,500,0.0027869313885008373,0.052791395023250115,0.046848078998648124
M2,早期运行特征 Ridge（运行后基线）,EL150800463208,4C(40%)-6C,10,3,472,0.0006974502553937232,0.026409283507769065,0.022811613638335483
M2,早期运行特征 Ridge（运行后基线）,EL150800463882,5.4C(40%)-3.6C,10,3,777,0.0011543579188249675,0.03397584316576952,0.017612863133901143
M2,早期运行特征 Ridge（运行后基线）,EL150800460466,4C(13%)-5C,10,4,466,0.0005299389362577161,0.023020402608506137,0.017097233539112116
M2,早期运行特征 Ridge（运行后基线）,EL150800460513,5.6C(65%)-3C,10,4,418,0.0005979737535994527,0.02445350186781952,0.012870834082682138
M2,早期运行特征 Ridge（运行后基线）,EL150800460615,6C(40%)-3C,10,4,698,9.6083790345409e-05,0.009802233946678125,0.006789283977849718
M2,早期运行特征 Ridge（运行后基线）,EL150800460628,5.2C(71%)-3C,10,4,452,0.0004580529795925813,0.021402172310132007,0.011892335038008229
M2,早期运行特征 Ridge（运行后基线）,EL150800460655,3.6C(22%)-5.5C,10,4,433,0.0015583212294408763,0.03947557763277032,0.030311380722844564
M2,早期运行特征 Ridge（运行后基线）,EL150800463229,7C(30%)-3.6C,10,4,955,1.8542642934053147e-05,0.004306116920620381,0.003186588164240063
M2,早期运行特征 Ridge（运行后基线）,EL150800464881,5.4C(60%)-3C,10,4,777,0.0020117218301710688,0.044852222131919715,0.027801324469752236
M2,早期运行特征 Ridge（运行后基线）,EL150800464883,4.4C(80%)-4.4C,10,4,1063,0.003424873419225966,0.058522418091069735,0.037712774156523174
M2,早期运行特征 Ridge（运行后基线）,EL150800440551,4.4C(55%)-6C,10,5,450,0.004296301042725629,0.06554617489011566,0.049915114977316564
M2,早期运行特征 Ridge（运行后基线）,EL150800453773,6C(60%)-3C,10,5,606,0.00012178262975323225,0.011035516741559148,0.006016697146603142
M2,早期运行特征 Ridge（运行后基线）,EL150800460602,2C(2%)-5C,10,5,427,4.450336995617945e-05,0.006671084616175952,0.00454876829967428
M2,早期运行特征 Ridge（运行后基线）,EL150800460604,4.9C(69%)-4.25C,10,5,487,0.0001602345846454691,0.01265838001663203,0.008986844306914443
M2,早期运行特征 Ridge（运行后基线）,EL150800460627,5.6C(58%)-3.5C,10,5,448,0.0012361340685585083,0.03515869833424594,0.017257690578254128
M2,早期运行特征 Ridge（运行后基线）,EL150800460640,6C(40%)-3.6C,10,5,720,0.00040914118384746093,0.020227238660960642,0.013096557775124015
M2,早期运行特征 Ridge（运行后基线）,EL150800460641,5.2C(58%)-4C,10,5,509,0.00011630009303154129,0.010784252084940396,0.008246565803571974
M2,早期运行特征 Ridge（运行后基线）,EL150800463871,5.4C(60%)-3.6C,10,5,548,0.0011090230070269205,0.033301997042623745,0.026924501089450586
M3,策略＋早期特征联合 Ridge,EL150800453113,5.4C(50%)-3C,10,1,708,0.0026515228386890907,0.05149293969748756,0.03494733781090943
M3,策略＋早期特征联合 Ridge,EL150800460478,4.4C(24%)-5C,10,1,483,0.0036396067902814792,0.060329153734173,0.04181915008910914
M3,策略＋早期特征联合 Ridge,EL150800460511,5.6C(38%)-4.25C,10,1,467,0.0002387900907174732,0.01545283439105827,0.009989654156780586
M3,策略＋早期特征联合 Ridge,EL150800460518,1C(4%)-6C,10,1,289,0.005921232750987945,0.0769495467887105,0.06207662822686386
M3,策略＋早期特征联合 Ridge,EL150800460608,5.2C(37%)-4.5C,10,1,481,0.00015371789703042576,0.012398302183380826,0.007257577872396428
M3,策略＋早期特征联合 Ridge,EL150800460611,4.8C(80%)-4.8C,10,1,450,0.0015085407002625294,0.03883993692402872,0.02474127888703443
M3,策略＋早期特征联合 Ridge,EL150800460613,6C(4%)-4.75C,10,1,476,0.00016433260015743753,0.01281922775199183,0.007609792790384699
M3,策略＋早期特征联合 Ridge,EL150800460614,4.9C(27%)-4.75C,10,1,457,8.384912444263808e-06,0.002895671328770551,0.002314072025513328
M3,策略＋早期特征联合 Ridge,EL150800465027,4.8C(80%)-4.8C,10,1,859,0.0003785339698604159,0.019455949472087345,0.011182112059496008
M3,策略＋早期特征联合 Ridge,EL150800460486,3.6C(80%)-3.6C,10,2,2149,0.0069665171382703225,0.08346566442717822,0.0634982047962233
M3,策略＋早期特征联合 Ridge,EL150800460498,6C(31%)-4.25C,10,2,451,0.0001404071134561683,0.011849350760955989,0.007443120262767736
M3,策略＋早期特征联合 Ridge,EL150800460501,4.65C(69%)-6C,10,2,516,0.000108392394964455,0.010411166839718542,0.008796081830628537
M3,策略＋早期特征联合 Ridge,EL150800460522,5.4C(50%)-3.6C,10,2,846,0.005759528529422588,0.07589155769532333,0.05491339567423576
M3,策略＋早期特征联合 Ridge,EL150800460525,6C(50%)-3C,10,2,731,0.0008195237508823673,0.028627325248481866,0.018963431008677843
M3,策略＋早期特征联合 Ridge,EL150800460618,7C(40%)-3C,10,2,691,0.0008117023281925247,0.028490390102498153,0.01447329366559548
M3,策略＋早期特征联合 Ridge,EL150800460659,5.4C(80%)-5.4C,10,2,859,0.00012273659609848112,0.01107865497695822,0.007273439255757119
M3,策略＋早期特征联合 Ridge,EL150800464977,4C(80%)-4C,10,2,1423,0.0032653313200600846,0.05714307762152897,0.03718472800310358
M3,策略＋早期特征联合 Ridge,EL150800460485,7C(40%)-3.6C,10,3,605,0.0006418678534107214,0.025335111079502322,0.01546966347117771
M3,策略＋早期特征联合 Ridge,EL150800460506,6C(50%)-3.6C,10,3,693,0.0019935334243899486,0.04464900250162313,0.025000973634429196
M3,策略＋早期特征联合 Ridge,EL150800460507,6C(30%)-3.6C,10,3,849,0.0008170160799276106,0.02858349313725687,0.01715630987934667
M3,策略＋早期特征联合 Ridge,EL150800460603,4.65C(19%)-4.85C,10,3,478,0.00017202443413827156,0.013115808558311286,0.008257450609326268
M3,策略＋早期特征联合 Ridge,EL150800460630,5.4C(70%)-3C,10,3,1006,0.001164241741119404,0.03412098681338809,0.02052294005278071
M3,策略＋早期特征联合 Ridge,EL150800460634,3.6C(30%)-6C,10,3,500,0.0027102654056208038,0.05206020942736212,0.04627995789827227
M3,策略＋早期特征联合 Ridge,EL150800463208,4C(40%)-6C,10,3,472,0.0007296812562034309,0.02701261290959153,0.02322389691181074
M3,策略＋早期特征联合 Ridge,EL150800463882,5.4C(40%)-3.6C,10,3,777,0.0009537995717074128,0.030883645699745565,0.01581474493009496
M3,策略＋早期特征联合 Ridge,EL150800460466,4C(13%)-5C,10,4,466,0.00014564660807970338,0.012068413652162548,0.007927653180061285
M3,策略＋早期特征联合 Ridge,EL150800460513,5.6C(65%)-3C,10,4,418,0.0012384559216470617,0.035191702454514216,0.0180640809186285
M3,策略＋早期特征联合 Ridge,EL150800460615,6C(40%)-3C,10,4,698,0.00024415806760469497,0.01562555815338111,0.010235333855977568
M3,策略＋早期特征联合 Ridge,EL150800460628,5.2C(71%)-3C,10,4,452,0.0012558025108909843,0.03543730394500948,0.019916488677168828
M3,策略＋早期特征联合 Ridge,EL150800460655,3.6C(22%)-5.5C,10,4,433,0.000799631492862449,0.028277756149709773,0.023031005567199322
M3,策略＋早期特征联合 Ridge,EL150800463229,7C(30%)-3.6C,10,4,955,0.0004941691240554177,0.022229915070809823,0.01306228741977921
M3,策略＋早期特征联合 Ridge,EL150800464881,5.4C(60%)-3C,10,4,777,0.0008766693850319868,0.029608603226629702,0.01749589003421223
M3,策略＋早期特征联合 Ridge,EL150800464883,4.4C(80%)-4.4C,10,4,1063,0.002620188582244619,0.05118777766464001,0.031655630481148285
M3,策略＋早期特征联合 Ridge,EL150800440551,4.4C(55%)-6C,10,5,450,0.0035304672135080322,0.05941773483992832,0.04367686534812367
M3,策略＋早期特征联合 Ridge,EL150800453773,6C(60%)-3C,10,5,606,0.0005303918885507281,0.023030238569123163,0.010893834001633702
M3,策略＋早期特征联合 Ridge,EL150800460602,2C(2%)-5C,10,5,427,0.00028247665303608667,0.01680704176933248,0.009924044328893844
M3,策略＋早期特征联合 Ridge,EL150800460604,4.9C(69%)-4.25C,10,5,487,0.0006688132460841816,0.025861423899007988,0.013909067772132579
M3,策略＋早期特征联合 Ridge,EL150800460627,5.6C(58%)-3.5C,10,5,448,0.0011291432768588759,0.03360272722352869,0.016597518913652118
M3,策略＋早期特征联合 Ridge,EL150800460640,6C(40%)-3.6C,10,5,720,0.0009347647528824346,0.030573922759149417,0.019524781288168588
M3,策略＋早期特征联合 Ridge,EL150800460641,5.2C(58%)-4C,10,5,509,0.00023387992862948534,0.01529313338166791,0.009679326824009642
M3,策略＋早期特征联合 Ridge,EL150800463871,5.4C(60%)-3.6C,10,5,548,0.0014935988742583771,0.038647106932581346,0.030297696807041127
M4,P3 策略先验＋早期残差 Ridge,EL150800453113,5.4C(50%)-3C,10,1,708,0.004971349271578029,0.07050779582129929,0.05030103237033593
M4,P3 策略先验＋早期残差 Ridge,EL150800460478,4.4C(24%)-5C,10,1,483,0.004951394966722415,0.07036614929582559,0.050740116031123786
M4,P3 策略先验＋早期残差 Ridge,EL150800460511,5.6C(38%)-4.25C,10,1,467,0.00024750171821176465,0.015732187330812098,0.013203998860429745
M4,P3 策略先验＋早期残差 Ridge,EL150800460518,1C(4%)-6C,10,1,289,0.003612746670064181,0.06010612839024138,0.04979246595797261
M4,P3 策略先验＋早期残差 Ridge,EL150800460608,5.2C(37%)-4.5C,10,1,481,0.003048170579608746,0.0552102398075642,0.03808672058865189
M4,P3 策略先验＋早期残差 Ridge,EL150800460611,4.8C(80%)-4.8C,10,1,450,0.002334587544977322,0.04831756973376581,0.031464208930832835
M4,P3 策略先验＋早期残差 Ridge,EL150800460613,6C(4%)-4.75C,10,1,476,7.968477302045832e-06,0.0028228491461723265,0.002103767528942768
M4,P3 策略先验＋早期残差 Ridge,EL150800460614,4.9C(27%)-4.75C,10,1,457,0.00196348242082458,0.04431119972224381,0.0290173909724336
M4,P3 策略先验＋早期残差 Ridge,EL150800465027,4.8C(80%)-4.8C,10,1,859,2.325740469067198e-05,0.004822593150025407,0.0032223287262960567
M4,P3 策略先验＋早期残差 Ridge,EL150800460486,3.6C(80%)-3.6C,10,2,2149,0.0027612828121981224,0.05254790968438347,0.03279717505619122
M4,P3 策略先验＋早期残差 Ridge,EL150800460498,6C(31%)-4.25C,10,2,451,0.00014182396784992741,0.011908986852370247,0.0074687764379252
M4,P3 策略先验＋早期残差 Ridge,EL150800460501,4.65C(69%)-6C,10,2,516,0.003427682192650842,0.05854641058724985,0.03832558230092468
M4,P3 策略先验＋早期残差 Ridge,EL150800460522,5.4C(50%)-3.6C,10,2,846,0.005341347686094458,0.07308452425852177,0.05241683544082389
M4,P3 策略先验＋早期残差 Ridge,EL150800460525,6C(50%)-3C,10,2,731,0.0023701023996490485,0.04868369747306637,0.03203992454121969
M4,P3 策略先验＋早期残差 Ridge,EL150800460618,7C(40%)-3C,10,2,691,0.0008320465547855473,0.028845217190819474,0.014642015258534102
M4,P3 策略先验＋早期残差 Ridge,EL150800460659,5.4C(80%)-5.4C,10,2,859,0.00931204759717486,0.09649895127500019,0.07323266385118223
M4,P3 策略先验＋早期残差 Ridge,EL150800464977,4C(80%)-4C,10,2,1423,0.0019214029568429753,0.043833810658474304,0.027049810303520577
M4,P3 策略先验＋早期残差 Ridge,EL150800460485,7C(40%)-3.6C,10,3,605,0.0030264775491014107,0.05501343062472482,0.03336520833898934
M4,P3 策略先验＋早期残差 Ridge,EL150800460506,6C(50%)-3.6C,10,3,693,0.0012462072362777999,0.035301660531450924,0.018990262448747956
M4,P3 策略先验＋早期残差 Ridge,EL150800460507,6C(30%)-3.6C,10,3,849,0.0013711233042605405,0.03702868218368756,0.022715412042888874
M4,P3 策略先验＋早期残差 Ridge,EL150800460603,4.65C(19%)-4.85C,10,3,478,0.0023468601241032018,0.04844440240216822,0.029779393352968378
M4,P3 策略先验＋早期残差 Ridge,EL150800460630,5.4C(70%)-3C,10,3,1006,0.005735191538504538,0.07573104738813889,0.0539510459428777
M4,P3 策略先验＋早期残差 Ridge,EL150800460634,3.6C(30%)-6C,10,3,500,0.004514870708122237,0.06719278761982,0.05725296662948713
M4,P3 策略先验＋早期残差 Ridge,EL150800463208,4C(40%)-6C,10,3,472,0.003020746920555467,0.054961322041554524,0.041032442158415804
M4,P3 策略先验＋早期残差 Ridge,EL150800463882,5.4C(40%)-3.6C,10,3,777,2.0313437210404782e-05,0.004507043067289771,0.00347973081337746
M4,P3 策略先验＋早期残差 Ridge,EL150800460466,4C(13%)-5C,10,4,466,0.00014375663362272467,0.011989855446281438,0.007906050721333891
M4,P3 策略先验＋早期残差 Ridge,EL150800460513,5.6C(65%)-3C,10,4,418,0.0011272489493262935,0.033574528281515637,0.01720718466260644
M4,P3 策略先验＋早期残差 Ridge,EL150800460615,6C(40%)-3C,10,4,698,3.6643052370636576e-05,0.006053350507829245,0.0036183326426699925
M4,P3 策略先验＋早期残差 Ridge,EL150800460628,5.2C(71%)-3C,10,4,452,0.0017055774972268949,0.041298637958495615,0.024301412427051694
M4,P3 策略先验＋早期残差 Ridge,EL150800460655,3.6C(22%)-5.5C,10,4,433,0.0009383572918045463,0.030632618102352047,0.024610683912075906
M4,P3 策略先验＋早期残差 Ridge,EL150800463229,7C(30%)-3.6C,10,4,955,0.0028559936689177114,0.05344149762981677,0.03515762671478651
M4,P3 策略先验＋早期残差 Ridge,EL150800464881,5.4C(60%)-3C,10,4,777,0.0029829471562537713,0.054616363447722985,0.03512292404845363
M4,P3 策略先验＋早期残差 Ridge,EL150800464883,4.4C(80%)-4.4C,10,4,1063,0.0006967055999914693,0.026395181378264278,0.014388421329032777
M4,P3 策略先验＋早期残差 Ridge,EL150800440551,4.4C(55%)-6C,10,5,450,0.002765697598830378,0.05258990015992023,0.03740552436011327
M4,P3 策略先验＋早期残差 Ridge,EL150800453773,6C(60%)-3C,10,5,606,0.0022944719517118983,0.047900646673212026,0.03193873008911314
M4,P3 策略先验＋早期残差 Ridge,EL150800460602,2C(2%)-5C,10,5,427,0.0018011031966730599,0.042439406177196444,0.027403124203993243
M4,P3 策略先验＋早期残差 Ridge,EL150800460604,4.9C(69%)-4.25C,10,5,487,0.0008687405171876256,0.029474404441610445,0.022019849911382994
M4,P3 策略先验＋早期残差 Ridge,EL150800460627,5.6C(58%)-3.5C,10,5,448,0.0013904115684156668,0.03728822291844527,0.018394156727891204
M4,P3 策略先验＋早期残差 Ridge,EL150800460640,6C(40%)-3.6C,10,5,720,0.0005561778685615798,0.023583423597128127,0.011936685860830548
M4,P3 策略先验＋早期残差 Ridge,EL150800460641,5.2C(58%)-4C,10,5,509,0.0005743712228776166,0.023966043120999692,0.018378765745995198
M4,P3 策略先验＋早期残差 Ridge,EL150800463871,5.4C(60%)-3.6C,10,5,548,0.0012217312403769256,0.03495327224133565,0.027972685652224827
M1,策略参数 Ridge（设计前基线）,EL150800453113,5.4C(50%)-3C,20,1,698,0.0003322427128697372,0.01822752624109309,0.01324157808901052
M1,策略参数 Ridge（设计前基线）,EL150800460478,4.4C(24%)-5C,20,1,473,0.0011408841816550818,0.03377697709468806,0.020510615356724216
M1,策略参数 Ridge（设计前基线）,EL150800460511,5.6C(38%)-4.25C,20,1,457,0.0012905233133688936,0.035923854377960245,0.018080187791028778
M1,策略参数 Ridge（设计前基线）,EL150800460518,1C(4%)-6C,20,1,279,0.0057428034357921666,0.07578128684439296,0.06183860383793434
M1,策略参数 Ridge（设计前基线）,EL150800460608,5.2C(37%)-4.5C,20,1,471,0.0012789864496343603,0.035762920037859885,0.01876656668252384
M1,策略参数 Ridge（设计前基线）,EL150800460611,4.8C(80%)-4.8C,20,1,440,0.0019673551061811278,0.044354876915409513,0.028997859506232907
M1,策略参数 Ridge（设计前基线）,EL150800460613,6C(4%)-4.75C,20,1,466,0.0009677218350613548,0.03110822777114368,0.017743504783661837
M1,策略参数 Ridge（设计前基线）,EL150800460614,4.9C(27%)-4.75C,20,1,447,0.001394584682657867,0.037344138531473274,0.021747094612275558
M1,策略参数 Ridge（设计前基线）,EL150800465027,4.8C(80%)-4.8C,20,1,849,0.0028715320986709004,0.053586678369450184,0.035651235345629737
M1,策略参数 Ridge（设计前基线）,EL150800460486,3.6C(80%)-3.6C,20,2,2139,0.012481487503602194,0.11172057779837247,0.09589558503903063
M1,策略参数 Ridge（设计前基线）,EL150800460498,6C(31%)-4.25C,20,2,441,0.0013281101218750493,0.03644324521602116,0.01897272047288153
M1,策略参数 Ridge（设计前基线）,EL150800460501,4.65C(69%)-6C,20,2,506,5.5977287154874785e-05,0.00748179705384173,0.006867134509482293
M1,策略参数 Ridge（设计前基线）,EL150800460522,5.4C(50%)-3.6C,20,2,836,0.004159875598895447,0.06449709760055446,0.04486832814541305
M1,策略参数 Ridge（设计前基线）,EL150800460525,6C(50%)-3C,20,2,721,0.0009525846142410246,0.03086396951529444,0.0206999235714986
M1,策略参数 Ridge（设计前基线）,EL150800460618,7C(40%)-3C,20,2,681,1.9237887731773385e-05,0.004386101655430867,0.003412928529291706
M1,策略参数 Ridge（设计前基线）,EL150800460659,5.4C(80%)-5.4C,20,2,849,0.005318730888803607,0.07292962970428142,0.05122566063778863
M1,策略参数 Ridge（设计前基线）,EL150800464977,4C(80%)-4C,20,2,1413,0.0108980338162501,0.10439364835204343,0.08345799124971233
M1,策略参数 Ridge（设计前基线）,EL150800460485,7C(40%)-3.6C,20,3,595,9.869977058023558e-05,0.00993477581932454,0.006174593388141071
M1,策略参数 Ridge（设计前基线）,EL150800460506,6C(50%)-3.6C,20,3,683,0.00045517433077316534,0.021334814992710047,0.013280015559533172
M1,策略参数 Ridge（设计前基线）,EL150800460507,6C(30%)-3.6C,20,3,839,0.004291879408038879,0.06551243704853972,0.04434342266252912
M1,策略参数 Ridge（设计前基线）,EL150800460603,4.65C(19%)-4.85C,20,3,468,0.00042114303888284087,0.02052176987695849,0.01608099168749659
M1,策略参数 Ridge（设计前基线）,EL150800460630,5.4C(70%)-3C,20,3,996,0.0037447152454423986,0.061194078516163625,0.04071159336701704
M1,策略参数 Ridge（设计前基线）,EL150800460634,3.6C(30%)-6C,20,3,490,0.0015277760155330317,0.039086775455811545,0.03409933312132516
M1,策略参数 Ridge（设计前基线）,EL150800463208,4C(40%)-6C,20,3,462,0.0010183464215755323,0.031911540570388204,0.026730399802421898
M1,策略参数 Ridge（设计前基线）,EL150800463882,5.4C(40%)-3.6C,20,3,767,0.0022420822603044046,0.04735063104441592,0.030928069244399895
M1,策略参数 Ridge（设计前基线）,EL150800460466,4C(13%)-5C,20,4,456,0.00040890679115440496,0.02022144384445396,0.01552245520046044
M1,策略参数 Ridge（设计前基线）,EL150800460513,5.6C(65%)-3C,20,4,408,0.0019046306747541883,0.0436420745926931,0.02433476403559168
M1,策略参数 Ridge（设计前基线）,EL150800460615,6C(40%)-3C,20,4,688,0.0003030573402321424,0.01740854216274707,0.011301608788755878
M1,策略参数 Ridge（设计前基线）,EL150800460628,5.2C(71%)-3C,20,4,442,0.0018825742456934618,0.04338864189731527,0.026424061489663274
M1,策略参数 Ridge（设计前基线）,EL150800460655,3.6C(22%)-5.5C,20,4,423,0.0011879818450197725,0.03446711251352182,0.027588082024363154
M1,策略参数 Ridge（设计前基线）,EL150800463229,7C(30%)-3.6C,20,4,945,0.005847911831876753,0.07647164070344478,0.05482404896971463
M1,策略参数 Ridge（设计前基线）,EL150800464881,5.4C(60%)-3C,20,4,767,0.0001601689349936435,0.012655786620895735,0.0073538152193157996
M1,策略参数 Ridge（设计前基线）,EL150800464883,4.4C(80%)-4.4C,20,4,1053,0.005370149299495253,0.07328130252318972,0.051289921390260555
M1,策略参数 Ridge（设计前基线）,EL150800440551,4.4C(55%)-6C,20,5,440,0.0016085692652744938,0.040106972776245454,0.033130521144058546
M1,策略参数 Ridge（设计前基线）,EL150800453773,6C(60%)-3C,20,5,596,0.001014430397853284,0.031850123984896575,0.015257358395005543
M1,策略参数 Ridge（设计前基线）,EL150800460602,2C(2%)-5C,20,5,417,0.00034356748738948427,0.018535573565160703,0.01133210452539189
M1,策略参数 Ridge（设计前基线）,EL150800460604,4.9C(69%)-4.25C,20,5,477,0.0014064905396686505,0.03750320705844569,0.018356778855585554
M1,策略参数 Ridge（设计前基线）,EL150800460627,5.6C(58%)-3.5C,20,5,438,0.0016750664864025413,0.04092757611198764,0.02052035518787331
M1,策略参数 Ridge（设计前基线）,EL150800460640,6C(40%)-3.6C,20,5,710,0.0005298737543323411,0.023018986822454655,0.01479278654248803
M1,策略参数 Ridge（设计前基线）,EL150800460641,5.2C(58%)-4C,20,5,499,0.0013355310008534124,0.03654491757896592,0.017346392843627493
M1,策略参数 Ridge（设计前基线）,EL150800463871,5.4C(60%)-3.6C,20,5,538,0.0020188307256444648,0.044931400219050205,0.034065940071805884
M2,早期运行特征 Ridge（运行后基线）,EL150800453113,5.4C(50%)-3C,20,1,698,0.0031680281456867663,0.056285239145683355,0.03859567843249345
M2,早期运行特征 Ridge（运行后基线）,EL150800460478,4.4C(24%)-5C,20,1,473,0.0003697131774384524,0.01922792701875198,0.012272666532447364
M2,早期运行特征 Ridge（运行后基线）,EL150800460511,5.6C(38%)-4.25C,20,1,457,0.00013929946565235205,0.01180251946206199,0.00813775667896162
M2,早期运行特征 Ridge（运行后基线）,EL150800460518,1C(4%)-6C,20,1,279,0.00610134236599973,0.07811108990405735,0.06374739594540225
M2,早期运行特征 Ridge（运行后基线）,EL150800460608,5.2C(37%)-4.5C,20,1,471,0.0009166741158368521,0.030276626559721808,0.02040040484995604
M2,早期运行特征 Ridge（运行后基线）,EL150800460611,4.8C(80%)-4.8C,20,1,440,0.001814484642930044,0.042596767986903,0.027768794000867347
M2,早期运行特征 Ridge（运行后基线）,EL150800460613,6C(4%)-4.75C,20,1,466,0.0007395955557545539,0.02719550616838293,0.015538495491461789
M2,早期运行特征 Ridge（运行后基线）,EL150800460614,4.9C(27%)-4.75C,20,1,447,0.00014220157411132562,0.011924830150208666,0.0075542636288672745
M2,早期运行特征 Ridge（运行后基线）,EL150800465027,4.8C(80%)-4.8C,20,1,849,0.0035911861339655614,0.05992650610510813,0.04056003453029392
M2,早期运行特征 Ridge（运行后基线）,EL150800460486,3.6C(80%)-3.6C,20,2,2139,0.0055649186141704145,0.07459838211496557,0.0537254575993859
M2,早期运行特征 Ridge（运行后基线）,EL150800460498,6C(31%)-4.25C,20,2,441,0.00021272487138061048,0.014585090722399038,0.008110139311785801
M2,早期运行特征 Ridge（运行后基线）,EL150800460501,4.65C(69%)-6C,20,2,506,3.411849551744956e-05,0.005841103963930925,0.005032571545278462
M2,早期运行特征 Ridge（运行后基线）,EL150800460522,5.4C(50%)-3.6C,20,2,836,0.006001102502282994,0.0774667832188932,0.05615890320459648
M2,早期运行特征 Ridge（运行后基线）,EL150800460525,6C(50%)-3C,20,2,721,0.00013818264946359538,0.011755111631268985,0.009063145811133325
M2,早期运行特征 Ridge（运行后基线）,EL150800460618,7C(40%)-3C,20,2,681,0.000581953774384045,0.024123718087891117,0.012508786200059175
M2,早期运行特征 Ridge（运行后基线）,EL150800460659,5.4C(80%)-5.4C,20,2,849,0.0007648584874479835,0.02765607505500344,0.017599558630439178
M2,早期运行特征 Ridge（运行后基线）,EL150800464977,4C(80%)-4C,20,2,1413,0.0050500849142192964,0.07106394946961009,0.049040157999374855
M2,早期运行特征 Ridge（运行后基线）,EL150800460485,7C(40%)-3.6C,20,3,595,0.00029783562601411564,0.017257914880254674,0.010383200417269686
M2,早期运行特征 Ridge（运行后基线）,EL150800460506,6C(50%)-3.6C,20,3,683,0.0021797708504083867,0.04668801613271211,0.026788301744984904
M2,早期运行特征 Ridge（运行后基线）,EL150800460507,6C(30%)-3.6C,20,3,839,0.0005908265669901759,0.024306924260181006,0.014436583697339281
M2,早期运行特征 Ridge（运行后基线）,EL150800460603,4.65C(19%)-4.85C,20,3,468,7.78489524039903e-05,0.008823205336157052,0.0074826893350075935
M2,早期运行特征 Ridge（运行后基线）,EL150800460630,5.4C(70%)-3C,20,3,996,0.0006484321931503025,0.025464331782913577,0.015878531793030715
M2,早期运行特征 Ridge（运行后基线）,EL150800460634,3.6C(30%)-6C,20,3,490,0.0024613163235092514,0.049611655117615776,0.044633046932082095
M2,早期运行特征 Ridge（运行后基线）,EL150800463208,4C(40%)-6C,20,3,462,0.001312684730838177,0.0362309913035536,0.029464145883232436
M2,早期运行特征 Ridge（运行后基线）,EL150800463882,5.4C(40%)-3.6C,20,3,767,0.001132623753030648,0.03365447597319929,0.018110755549712483
M2,早期运行特征 Ridge（运行后基线）,EL150800460466,4C(13%)-5C,20,4,456,0.0002892263342496183,0.01700665558684653,0.013098893792216973
M2,早期运行特征 Ridge（运行后基线）,EL150800460513,5.6C(65%)-3C,20,4,408,0.00016876775371638255,0.012991064379656601,0.007047569831613835
M2,早期运行特征 Ridge（运行后基线）,EL150800460615,6C(40%)-3C,20,4,688,2.341759297337954e-05,0.004839172757133138,0.0033843952847300847
M2,早期运行特征 Ridge（运行后基线）,EL150800460628,5.2C(71%)-3C,20,4,442,0.00014156676278955044,0.011898183171793517,0.006757894940010502
M2,早期运行特征 Ridge（运行后基线）,EL150800460655,3.6C(22%)-5.5C,20,4,423,0.0019320261062325864,0.043954818919347015,0.033698792324555055
M2,早期运行特征 Ridge（运行后基线）,EL150800463229,7C(30%)-3.6C,20,4,945,4.991389649127633e-05,0.007064976750936717,0.0049737812572314775
M2,早期运行特征 Ridge（运行后基线）,EL150800464881,5.4C(60%)-3C,20,4,767,0.002030948598054162,0.04506604706488203,0.028014061788737266
M2,早期运行特征 Ridge（运行后基线）,EL150800464883,4.4C(80%)-4.4C,20,4,1053,0.004508226233667782,0.06714332605455126,0.045477899338067784
M2,早期运行特征 Ridge（运行后基线）,EL150800440551,4.4C(55%)-6C,20,5,440,0.006786950079687376,0.08238294774822867,0.06999705830642275
M2,早期运行特征 Ridge（运行后基线）,EL150800453773,6C(60%)-3C,20,5,596,0.0001633867869551679,0.012782284105556718,0.006624992456805387
M2,早期运行特征 Ridge（运行后基线）,EL150800460602,2C(2%)-5C,20,5,417,0.0005995464095867247,0.02448563680174001,0.014684635823245041
M2,早期运行特征 Ridge（运行后基线）,EL150800460604,4.9C(69%)-4.25C,20,5,477,0.0008401495424426081,0.028985333229801034,0.014592390893567538
M2,早期运行特征 Ridge（运行后基线）,EL150800460627,5.6C(58%)-3.5C,20,5,438,0.0011657886731122075,0.034143647624590545,0.01654744554535167
M2,早期运行特征 Ridge（运行后基线）,EL150800460640,6C(40%)-3.6C,20,5,710,3.467671723689113e-05,0.005888694017937349,0.0031230948270810875
M2,早期运行特征 Ridge（运行后基线）,EL150800460641,5.2C(58%)-4C,20,5,499,0.0001658870357968533,0.012879714119375992,0.01096097306466299
M2,早期运行特征 Ridge（运行后基线）,EL150800463871,5.4C(60%)-3.6C,20,5,538,0.002244058819613608,0.04737149796674798,0.03568973387419178
M3,策略＋早期特征联合 Ridge,EL150800453113,5.4C(50%)-3C,20,1,698,0.0014508259701505523,0.03808970950467531,0.025628988083824192
M3,策略＋早期特征联合 Ridge,EL150800460478,4.4C(24%)-5C,20,1,473,7.339299316711035e-05,0.008566971061414318,0.006125316778904824
M3,策略＋早期特征联合 Ridge,EL150800460511,5.6C(38%)-4.25C,20,1,457,9.90740633244603e-05,0.00995359549732961,0.007749534804971138
M3,策略＋早期特征联合 Ridge,EL150800460518,1C(4%)-6C,20,1,279,0.00616000132861283,0.07848567594544134,0.06406225586037825
M3,策略＋早期特征联合 Ridge,EL150800460608,5.2C(37%)-4.5C,20,1,471,0.00016960064118412226,0.013023081094123704,0.007247100612659014
M3,策略＋早期特征联合 Ridge,EL150800460611,4.8C(80%)-4.8C,20,1,440,0.001745061559485038,0.041773933971856636,0.027212963741394824
M3,策略＋早期特征联合 Ridge,EL150800460613,6C(4%)-4.75C,20,1,466,1.6030283539848095e-05,0.00400378365297728,0.002591488438188898
M3,策略＋早期特征联合 Ridge,EL150800460614,4.9C(27%)-4.75C,20,1,447,0.00016234349773120804,0.012741408781261515,0.008006345067170028
M3,策略＋早期特征联合 Ridge,EL150800465027,4.8C(80%)-4.8C,20,1,849,0.0002535904804674496,0.015924524497373527,0.010310561712064311
M3,策略＋早期特征联合 Ridge,EL150800460486,3.6C(80%)-3.6C,20,2,2139,0.00612900636047082,0.07828797072648402,0.05760102732989129
M3,策略＋早期特征联合 Ridge,EL150800460498,6C(31%)-4.25C,20,2,441,0.0002791273973518914,0.016707106193230813,0.009045313528393576
M3,策略＋早期特征联合 Ridge,EL150800460501,4.65C(69%)-6C,20,2,506,2.6194959884124107e-05,0.005118101199089766,0.004587576409279956
M3,策略＋早期特征联合 Ridge,EL150800460522,5.4C(50%)-3.6C,20,2,836,0.005162166215062015,0.07184821650578402,0.051119778279094995
M3,策略＋早期特征联合 Ridge,EL150800460525,6C(50%)-3C,20,2,721,9.182973298005574e-05,0.00958278315418103,0.0056192013474744154
M3,策略＋早期特征联合 Ridge,EL150800460618,7C(40%)-3C,20,2,681,0.0010046560143369427,0.031696309159536896,0.016285025342701636
M3,策略＋早期特征联合 Ridge,EL150800460659,5.4C(80%)-5.4C,20,2,849,0.001052698515589938,0.03244531577269573,0.02067315345774389
M3,策略＋早期特征联合 Ridge,EL150800464977,4C(80%)-4C,20,2,1413,0.005469516668951408,0.07395618073529357,0.05170294261027035
M3,策略＋早期特征联合 Ridge,EL150800460485,7C(40%)-3.6C,20,3,595,0.00020587606075992033,0.014348381816773637,0.0085251780331637
M3,策略＋早期特征联合 Ridge,EL150800460506,6C(50%)-3.6C,20,3,683,0.0020504759360796604,0.04528218122042776,0.02571428927285618
M3,策略＋早期特征联合 Ridge,EL150800460507,6C(30%)-3.6C,20,3,839,0.001247946325720833,0.0353262837802228,0.02161346174068482
M3,策略＋早期特征联合 Ridge,EL150800460603,4.65C(19%)-4.85C,20,3,468,0.0004464578488192534,0.021129549186370576,0.012275431610313482
M3,策略＋早期特征联合 Ridge,EL150800460630,5.4C(70%)-3C,20,3,996,0.0008353481192736387,0.028902389508025778,0.017845765330139728
M3,策略＋早期特征联合 Ridge,EL150800460634,3.6C(30%)-6C,20,3,490,0.0022783697043951777,0.04773227110032769,0.04303774826741502
M3,策略＋早期特征联合 Ridge,EL150800463208,4C(40%)-6C,20,3,462,0.0011203735783679861,0.03347198199043472,0.027728420294477384
M3,策略＋早期特征联合 Ridge,EL150800463882,5.4C(40%)-3.6C,20,3,767,0.0008964277272693867,0.029940402924299243,0.015869712798041443
M3,策略＋早期特征联合 Ridge,EL150800460466,4C(13%)-5C,20,4,456,0.00018692344659507461,0.013671994974950606,0.00871051001701302
M3,策略＋早期特征联合 Ridge,EL150800460513,5.6C(65%)-3C,20,4,408,0.00121848439454352,0.03490679582178118,0.017922140639283733
M3,策略＋早期特征联合 Ridge,EL150800460615,6C(40%)-3C,20,4,688,0.00012520492273193198,0.011189500557751985,0.007657614993601083
M3,策略＋早期特征联合 Ridge,EL150800460628,5.2C(71%)-3C,20,4,442,0.0011928477245272615,0.03453762766212036,0.019937088876966307
M3,策略＋早期特征联合 Ridge,EL150800460655,3.6C(22%)-5.5C,20,4,423,0.0010692570735503061,0.03269949653359064,0.02642529001084856
M3,策略＋早期特征联合 Ridge,EL150800463229,7C(30%)-3.6C,20,4,945,0.00039115360989671103,0.01977760374506252,0.01154383491563096
M3,策略＋早期特征联合 Ridge,EL150800464881,5.4C(60%)-3C,20,4,767,0.0010198069031785609,0.0319344156542524,0.019073102488097314
M3,策略＋早期特征联合 Ridge,EL150800464883,4.4C(80%)-4.4C,20,4,1053,0.004040949247644156,0.06356846110803813,0.04222271624896685
M3,策略＋早期特征联合 Ridge,EL150800440551,4.4C(55%)-6C,20,5,440,0.0036168098885721177,0.06013991925977385,0.04445339802256327
M3,策略＋早期特征联合 Ridge,EL150800453773,6C(60%)-3C,20,5,596,0.0008257008685707263,0.028735011198374818,0.013539635503737445
M3,策略＋早期特征联合 Ridge,EL150800460602,2C(2%)-5C,20,5,417,0.00029914792347298074,0.017295893254555567,0.009770462093817092
M3,策略＋早期特征联合 Ridge,EL150800460604,4.9C(69%)-4.25C,20,5,477,0.0010528984708591134,0.032448397046065516,0.01587883446688985
M3,策略＋早期特征联合 Ridge,EL150800460627,5.6C(58%)-3.5C,20,5,438,0.001198006214697244,0.03461222637591006,0.016758319915227426
M3,策略＋早期特征联合 Ridge,EL150800460640,6C(40%)-3.6C,20,5,710,0.0003167873751994014,0.017798521713878416,0.011591845179057264
M3,策略＋早期特征联合 Ridge,EL150800460641,5.2C(58%)-4C,20,5,499,0.0003615385152547742,0.01901416617300833,0.010658811150906607
M3,策略＋早期特征联合 Ridge,EL150800463871,5.4C(60%)-3.6C,20,5,538,0.001601503711323213,0.04001879197731002,0.030938827630423858
M4,P3 策略先验＋早期残差 Ridge,EL150800453113,5.4C(50%)-3C,20,1,698,0.0022974958808701265,0.047932200876551936,0.03236839101373744
M4,P3 策略先验＋早期残差 Ridge,EL150800460478,4.4C(24%)-5C,20,1,473,0.004743033436589531,0.06886968445251895,0.049254842750278235
M4,P3 策略先验＋早期残差 Ridge,EL150800460511,5.6C(38%)-4.25C,20,1,457,0.0012327742781435207,0.03511088546510214,0.025322399779884482
M4,P3 策略先验＋早期残差 Ridge,EL150800460518,1C(4%)-6C,20,1,279,0.002566605013002005,0.05066167203125065,0.04354962254360087
M4,P3 策略先验＋早期残差 Ridge,EL150800460608,5.2C(37%)-4.5C,20,1,471,0.0024174722946029925,0.049167797333244376,0.03344658909242472
M4,P3 策略先验＋早期残差 Ridge,EL150800460611,4.8C(80%)-4.8C,20,1,440,0.0023137693536842054,0.04810165645468153,0.031793089635592665
M4,P3 策略先验＋早期残差 Ridge,EL150800460613,6C(4%)-4.75C,20,1,466,0.00023517228792631237,0.015335328099728169,0.008984296340321933
M4,P3 策略先验＋早期残差 Ridge,EL150800460614,4.9C(27%)-4.75C,20,1,447,0.0020289806454040636,0.0450442076787245,0.02945953694694555
M4,P3 策略先验＋早期残差 Ridge,EL150800465027,4.8C(80%)-4.8C,20,1,849,0.000786516267417879,0.028044897350817295,0.015402409237322598
M4,P3 策略先验＋早期残差 Ridge,EL150800460486,3.6C(80%)-3.6C,20,2,2139,0.00028863132633679046,0.016989153196577823,0.012662885226506479
M4,P3 策略先验＋早期残差 Ridge,EL150800460498,6C(31%)-4.25C,20,2,441,9.620953795070331e-05,0.009808646081427513,0.0060083144637447525
M4,P3 策略先验＋早期残差 Ridge,EL150800460501,4.65C(69%)-6C,20,2,506,0.0037457024067559493,0.06120214380849701,0.04090659680087636
M4,P3 策略先验＋早期残差 Ridge,EL150800460522,5.4C(50%)-3.6C,20,2,836,0.005777323345588869,0.0760087057223636,0.05482971326347951
M4,P3 策略先验＋早期残差 Ridge,EL150800460525,6C(50%)-3C,20,2,721,0.00036855181889576896,0.019197703479733427,0.013647092028603794
M4,P3 策略先验＋早期残差 Ridge,EL150800460618,7C(40%)-3C,20,2,681,0.001515049472093032,0.038923636419186634,0.020636533088289305
M4,P3 策略先验＋早期残差 Ridge,EL150800460659,5.4C(80%)-5.4C,20,2,849,0.00894852565401854,0.094596647160555,0.07179346834862309
M4,P3 策略先验＋早期残差 Ridge,EL150800464977,4C(80%)-4C,20,2,1413,0.00214165259784815,0.04627799258662966,0.028757177933986192
M4,P3 策略先验＋早期残差 Ridge,EL150800460485,7C(40%)-3.6C,20,3,595,0.003353427045429134,0.057908782109703655,0.03578343719953709
M4,P3 策略先验＋早期残差 Ridge,EL150800460506,6C(50%)-3.6C,20,3,683,0.0011493800692022446,0.033902508302517155,0.0184153636931664
M4,P3 策略先验＋早期残差 Ridge,EL150800460507,6C(30%)-3.6C,20,3,839,0.002822745637847139,0.05312951757589315,0.03431351419656337
M4,P3 策略先验＋早期残差 Ridge,EL150800460603,4.65C(19%)-4.85C,20,3,468,0.004399038105365834,0.06632524485718717,0.045802003919561574
M4,P3 策略先验＋早期残差 Ridge,EL150800460630,5.4C(70%)-3C,20,3,996,0.0033590451496650804,0.05795727003288785,0.03797561790576466
M4,P3 策略先验＋早期残差 Ridge,EL150800460634,3.6C(30%)-6C,20,3,490,0.004904369974063027,0.07003120714412273,0.05973124673922076
M4,P3 策略先验＋早期残差 Ridge,EL150800463208,4C(40%)-6C,20,3,462,0.002942572153218274,0.054245480486564725,0.040950225754072436
M4,P3 策略先验＋早期残差 Ridge,EL150800463882,5.4C(40%)-3.6C,20,3,767,0.0019535927550953483,0.044199465552146086,0.028593954749587834
M4,P3 策略先验＋早期残差 Ridge,EL150800460466,4C(13%)-5C,20,4,456,0.0001915199793213939,0.013839074366495539,0.00876508157693048
M4,P3 策略先验＋早期残差 Ridge,EL150800460513,5.6C(65%)-3C,20,4,408,0.0009558546573630749,0.030916899219732157,0.01576149846176066
M4,P3 策略先验＋早期残差 Ridge,EL150800460615,6C(40%)-3C,20,4,688,0.000137474418471231,0.011724948548766899,0.0054635453308149945
M4,P3 策略先验＋早期残差 Ridge,EL150800460628,5.2C(71%)-3C,20,4,442,0.0016157004768315847,0.040195776853191735,0.02390440211580712
M4,P3 策略先验＋早期残差 Ridge,EL150800460655,3.6C(22%)-5.5C,20,4,423,0.00036462365114341914,0.019095121134557358,0.01601792984869261
M4,P3 策略先验＋早期残差 Ridge,EL150800463229,7C(30%)-3.6C,20,4,945,0.003312154627065483,0.05755132167957121,0.03851799199597124
M4,P3 策略先验＋早期残差 Ridge,EL150800464881,5.4C(60%)-3C,20,4,767,0.003140012660698644,0.05603581587430172,0.036316226006026756
M4,P3 策略先验＋早期残差 Ridge,EL150800464883,4.4C(80%)-4.4C,20,4,1053,5.1285893979893796e-05,0.007161417037143822,0.00406379905550446
M4,P3 策略先验＋早期残差 Ridge,EL150800440551,4.4C(55%)-6C,20,5,440,0.004091083371848603,0.06396157730894855,0.04840841611427671
M4,P3 策略先验＋早期残差 Ridge,EL150800453773,6C(60%)-3C,20,5,596,0.0014996256757533266,0.038725000655304403,0.025764261643970044
M4,P3 策略先验＋早期残差 Ridge,EL150800460602,2C(2%)-5C,20,5,417,0.0023126655618328808,0.04809018155333665,0.031592798140458206
M4,P3 策略先验＋早期残差 Ridge,EL150800460604,4.9C(69%)-4.25C,20,5,477,0.000388178181160451,0.01970223797339914,0.01562791640969952
M4,P3 策略先验＋早期残差 Ridge,EL150800460627,5.6C(58%)-3.5C,20,5,438,0.0015824138186959179,0.039779565340711275,0.01972906194499415
M4,P3 策略先验＋早期残差 Ridge,EL150800460640,6C(40%)-3.6C,20,5,710,0.00027377694106232056,0.016546206243798624,0.008257818590002462
M4,P3 策略先验＋早期残差 Ridge,EL150800460641,5.2C(58%)-4C,20,5,499,0.0005492375031565494,0.02343581667355651,0.017756848815671262
M4,P3 策略先验＋早期残差 Ridge,EL150800463871,5.4C(60%)-3.6C,20,5,538,0.00038860621934847775,0.019713097659892972,0.017418077845842584
M1,策略参数 Ridge（设计前基线）,EL150800453113,5.4C(50%)-3C,50,1,668,0.0003304957782102039,0.018179542849318404,0.012864337772195403
M1,策略参数 Ridge（设计前基线）,EL150800460478,4.4C(24%)-5C,50,1,443,0.0012602103482827636,0.0354994415207164,0.02264276947353381
M1,策略参数 Ridge（设计前基线）,EL150800460511,5.6C(38%)-4.25C,50,1,427,0.0014116745135485309,0.03757225723254501,0.019136641372703923
M1,策略参数 Ridge（设计前基线）,EL150800460518,1C(4%)-6C,50,1,249,0.0054682195699540335,0.07394741084009658,0.0612980156618314
M1,策略参数 Ridge（设计前基线）,EL150800460608,5.2C(37%)-4.5C,50,1,441,0.0013875250333234446,0.03724949708819496,0.02018294517570365
M1,策略参数 Ridge（设计前基线）,EL150800460611,4.8C(80%)-4.8C,50,1,410,0.002085157352889097,0.04566352322028051,0.030656071595212536
M1,策略参数 Ridge（设计前基线）,EL150800460613,6C(4%)-4.75C,50,1,436,0.0010339232785579748,0.03215467739782153,0.018947128657928636
M1,策略参数 Ridge（设计前基线）,EL150800460614,4.9C(27%)-4.75C,50,1,417,0.001511135479418174,0.03887332606580216,0.023573639998402836
M1,策略参数 Ridge（设计前基线）,EL150800465027,4.8C(80%)-4.8C,50,1,819,0.0029364192745103854,0.054188737524603625,0.03544510055182774
M1,策略参数 Ridge（设计前基线）,EL150800460486,3.6C(80%)-3.6C,50,2,2109,0.012660112948070314,0.1125171673482332,0.0972805483717729
M1,策略参数 Ridge（设计前基线）,EL150800460498,6C(31%)-4.25C,50,2,411,0.0014418529358328,0.037971738646430185,0.02049367690288542
M1,策略参数 Ridge（设计前基线）,EL150800460501,4.65C(69%)-6C,50,2,476,4.5259865392692614e-05,0.0067275452724372365,0.00606780083316894
M1,策略参数 Ridge（设计前基线）,EL150800460522,5.4C(50%)-3.6C,50,2,806,0.004304605414336862,0.06560949180062944,0.04624078958494866
M1,策略参数 Ridge（设计前基线）,EL150800460525,6C(50%)-3C,50,2,691,0.0009747929020273452,0.03122167359427334,0.020816870354574364
M1,策略参数 Ridge（设计前基线）,EL150800460618,7C(40%)-3C,50,2,651,2.0051360521866607e-05,0.00447787455405649,0.0035537370258964802
M1,策略参数 Ridge（设计前基线）,EL150800460659,5.4C(80%)-5.4C,50,2,819,0.005499236457714991,0.07415683689124686,0.05270417816229297
M1,策略参数 Ridge（设计前基线）,EL150800464977,4C(80%)-4C,50,2,1383,0.011124447688959007,0.10547249731071606,0.08502415729696494
M1,策略参数 Ridge（设计前基线）,EL150800460485,7C(40%)-3.6C,50,3,565,9.717813124081903e-05,0.009857896897453282,0.00589641556431835
M1,策略参数 Ridge（设计前基线）,EL150800460506,6C(50%)-3.6C,50,3,653,0.0004763309943468071,0.021825008461551786,0.013897649281235245
M1,策略参数 Ridge（设计前基线）,EL150800460507,6C(30%)-3.6C,50,3,809,0.004454401269717305,0.06674130107899684,0.046073603887995564
M1,策略参数 Ridge（设计前基线）,EL150800460603,4.65C(19%)-4.85C,50,3,438,0.00042320764853096395,0.020572011290366433,0.016209458909043073
M1,策略参数 Ridge（设计前基线）,EL150800460630,5.4C(70%)-3C,50,3,966,0.0038581583864829385,0.06211407559066575,0.0418809626066029
M1,策略参数 Ridge（设计前基线）,EL150800460634,3.6C(30%)-6C,50,3,460,0.0013502200359627073,0.03674534032993445,0.03229319575729689
M1,策略参数 Ridge（设计前基线）,EL150800463208,4C(40%)-6C,50,3,432,0.0009783832472530197,0.03127911838995818,0.026232591070380853
M1,策略参数 Ridge（设计前基线）,EL150800463882,5.4C(40%)-3.6C,50,3,737,0.002324165195368716,0.04820959650701005,0.03181120314761893
M1,策略参数 Ridge（设计前基线）,EL150800460466,4C(13%)-5C,50,4,426,0.00042814000089987775,0.020691544188384727,0.01626655914295207
M1,策略参数 Ridge（设计前基线）,EL150800460513,5.6C(65%)-3C,50,4,378,0.002091395013421233,0.04573177247189565,0.02687392746114884
M1,策略参数 Ridge（设计前基线）,EL150800460615,6C(40%)-3C,50,4,658,0.00032079081822603483,0.017910634221769892,0.011952293378798674
M1,策略参数 Ridge（设计前基线）,EL150800460628,5.2C(71%)-3C,50,4,412,0.002028056979734821,0.04503395363206323,0.028479695137365087
M1,策略参数 Ridge（设计前基线）,EL150800460655,3.6C(22%)-5.5C,50,4,393,0.0011725869473486832,0.03424305692178611,0.02752748014613839
M1,策略参数 Ridge（设计前基线）,EL150800463229,7C(30%)-3.6C,50,4,915,0.006039872211385182,0.07771661477049281,0.05662302796060015
M1,策略参数 Ridge（设计前基线）,EL150800464881,5.4C(60%)-3C,50,4,737,0.0001673637541219344,0.012936914397256187,0.007616290887885805
M1,策略参数 Ridge（设计前基线）,EL150800464883,4.4C(80%)-4.4C,50,4,1023,0.005518252422300699,0.07428494075046907,0.05252749009036974
M1,策略参数 Ridge（设计前基线）,EL150800440551,4.4C(55%)-6C,50,5,410,0.0014823313440233343,0.03850105640139416,0.031531426153571046
M1,策略参数 Ridge（设计前基线）,EL150800453773,6C(60%)-3C,50,5,566,0.0010611174734578477,0.032574798133800424,0.015945121529579054
M1,策略参数 Ridge（设计前基线）,EL150800460602,2C(2%)-5C,50,5,387,0.0003728991566317284,0.019310597003503762,0.012254052811669252
M1,策略参数 Ridge（设计前基线）,EL150800460604,4.9C(69%)-4.25C,50,5,447,0.001540179284505363,0.039245117970333115,0.019638057447204295
M1,策略参数 Ridge（设计前基线）,EL150800460627,5.6C(58%)-3.5C,50,5,408,0.0018389812024032833,0.04288334411404133,0.022084754148430485
M1,策略参数 Ridge（设计前基线）,EL150800460640,6C(40%)-3.6C,50,5,680,0.000557273617866064,0.023606643511225055,0.01564422419921081
M1,策略参数 Ridge（设计前基线）,EL150800460641,5.2C(58%)-4C,50,5,469,0.0014357955399129957,0.037891892799291456,0.018389314081084487
M1,策略参数 Ridge（设计前基线）,EL150800463871,5.4C(60%)-3.6C,50,5,508,0.0020744325967247193,0.045545939409838934,0.03509566884839404
M2,早期运行特征 Ridge（运行后基线）,EL150800453113,5.4C(50%)-3C,50,1,668,0.002388118490177339,0.048868379246475316,0.03306317391497958
M2,早期运行特征 Ridge（运行后基线）,EL150800460478,4.4C(24%)-5C,50,1,443,0.000148904468947847,0.012202641883946565,0.008751822294886018
M2,早期运行特征 Ridge（运行后基线）,EL150800460511,5.6C(38%)-4.25C,50,1,427,0.00022187566181378968,0.014895491325021463,0.008880456524373479
M2,早期运行特征 Ridge（运行后基线）,EL150800460518,1C(4%)-6C,50,1,249,0.00609179205476862,0.07804993308625331,0.0648346537391265
M2,早期运行特征 Ridge（运行后基线）,EL150800460608,5.2C(37%)-4.5C,50,1,441,0.00038045730454696556,0.019505314776925943,0.010561946780430846
M2,早期运行特征 Ridge（运行后基线）,EL150800460611,4.8C(80%)-4.8C,50,1,410,0.0015616654124885852,0.03951791255226654,0.026458896382549914
M2,早期运行特征 Ridge（运行后基线）,EL150800460613,6C(4%)-4.75C,50,1,436,0.00040997214361731377,0.02024776885529153,0.012118848699052614
M2,早期运行特征 Ridge（运行后基线）,EL150800460614,4.9C(27%)-4.75C,50,1,417,1.2360886001926726e-05,0.0035158051712128086,0.002675105903643839
M2,早期运行特征 Ridge（运行后基线）,EL150800465027,4.8C(80%)-4.8C,50,1,819,0.001045191514551652,0.03232942180973319,0.019250211696801432
M2,早期运行特征 Ridge（运行后基线）,EL150800460486,3.6C(80%)-3.6C,50,2,2109,0.005542369905315538,0.07444709467343597,0.05378356690097087
M2,早期运行特征 Ridge（运行后基线）,EL150800460498,6C(31%)-4.25C,50,2,411,9.65752711044268e-05,0.009827271803732041,0.006044890877615409
M2,早期运行特征 Ridge（运行后基线）,EL150800460501,4.65C(69%)-6C,50,2,476,0.000262917638749712,0.016214735235264004,0.00925586616650737
M2,早期运行特征 Ridge（运行后基线）,EL150800460522,5.4C(50%)-3.6C,50,2,806,0.005966413411635553,0.07724256217679183,0.05650609637989375
M2,早期运行特征 Ridge（运行后基线）,EL150800460525,6C(50%)-3C,50,2,691,0.0008847683315298863,0.029745055581220325,0.019891419171356808
M2,早期运行特征 Ridge（运行后基线）,EL150800460618,7C(40%)-3C,50,2,651,0.0002925907003507039,0.017105282819956644,0.009610092157279702
M2,早期运行特征 Ridge（运行后基线）,EL150800460659,5.4C(80%)-5.4C,50,2,819,0.001028892419890404,0.03207635297053585,0.02049985074015647
M2,早期运行特征 Ridge（运行后基线）,EL150800464977,4C(80%)-4C,50,2,1383,0.002619688397281244,0.05118289164634257,0.03256590227055041
M2,早期运行特征 Ridge（运行后基线）,EL150800460485,7C(40%)-3.6C,50,3,565,0.0016725327398815176,0.04089661037153956,0.027034890480603643
M2,早期运行特征 Ridge（运行后基线）,EL150800460506,6C(50%)-3.6C,50,3,653,0.002126569531641513,0.04611474310501483,0.02673285591513218
M2,早期运行特征 Ridge（运行后基线）,EL150800460507,6C(30%)-3.6C,50,3,809,7.825848379224525e-06,0.0027974717834545757,0.0015666886468776323
M2,早期运行特征 Ridge（运行后基线）,EL150800460603,4.65C(19%)-4.85C,50,3,438,0.0009880814207360714,0.03143376243366472,0.017939182516881255
M2,早期运行特征 Ridge（运行后基线）,EL150800460630,5.4C(70%)-3C,50,3,966,0.00020624042883624432,0.014361073387328829,0.009948203277802376
M2,早期运行特征 Ridge（运行后基线）,EL150800460634,3.6C(30%)-6C,50,3,460,0.0011525882425442665,0.0339497900220939,0.02759544717813766
M2,早期运行特征 Ridge（运行后基线）,EL150800463208,4C(40%)-6C,50,3,432,0.00019113569273670366,0.013825183280401878,0.012288624279527996
M2,早期运行特征 Ridge（运行后基线）,EL150800463882,5.4C(40%)-3.6C,50,3,737,0.0017078169053968526,0.04132574143795671,0.02401989198739219
M2,早期运行特征 Ridge（运行后基线）,EL150800460466,4C(13%)-5C,50,4,426,0.0004727008108166236,0.021741683716230985,0.017028223830105767
M2,早期运行特征 Ridge（运行后基线）,EL150800460513,5.6C(65%)-3C,50,4,378,0.0008282307093651063,0.02877899771300429,0.015160398344809865
M2,早期运行特征 Ridge（运行后基线）,EL150800460615,6C(40%)-3C,50,4,658,0.00035744482692986963,0.018906211331990067,0.012550508571924308
M2,早期运行特征 Ridge（运行后基线）,EL150800460628,5.2C(71%)-3C,50,4,412,0.0005571137181820888,0.023603256516465877,0.013935544826856638
M2,早期运行特征 Ridge（运行后基线）,EL150800460655,3.6C(22%)-5.5C,50,4,393,0.0017431465276369685,0.04175100630687802,0.03251096687549441
M2,早期运行特征 Ridge（运行后基线）,EL150800463229,7C(30%)-3.6C,50,4,915,7.628869182753416e-05,0.008734339804904212,0.004883908380479019
M2,早期运行特征 Ridge（运行后基线）,EL150800464881,5.4C(60%)-3C,50,4,737,0.0027753638914250456,0.0526817225555984,0.03429542559083015
M2,早期运行特征 Ridge（运行后基线）,EL150800464883,4.4C(80%)-4.4C,50,4,1023,0.005346359049110343,0.07311880092773912,0.051389426459700724
M2,早期运行特征 Ridge（运行后基线）,EL150800440551,4.4C(55%)-6C,50,5,410,0.004780239086301543,0.06913927311088498,0.05518171607503416
M2,早期运行特征 Ridge（运行后基线）,EL150800453773,6C(60%)-3C,50,5,566,3.522493193054196e-05,0.005935059555770435,0.004936008096673239
M2,早期运行特征 Ridge（运行后基线）,EL150800460602,2C(2%)-5C,50,5,387,0.000720697495040935,0.026845809636532384,0.016706264123690744
M2,早期运行特征 Ridge（运行后基线）,EL150800460604,4.9C(69%)-4.25C,50,5,447,0.0006015448544405728,0.024526411364905645,0.012850537228492455
M2,早期运行特征 Ridge（运行后基线）,EL150800460627,5.6C(58%)-3.5C,50,5,408,0.0010963830330685004,0.03311167517762429,0.01635904684017411
M2,早期运行特征 Ridge（运行后基线）,EL150800460640,6C(40%)-3.6C,50,5,680,0.0009519498513703258,0.030853684567168405,0.020296534297798353
M2,早期运行特征 Ridge（运行后基线）,EL150800460641,5.2C(58%)-4C,50,5,469,9.053685857728232e-05,0.009515085841824146,0.00756438889763038
M2,早期运行特征 Ridge（运行后基线）,EL150800463871,5.4C(60%)-3.6C,50,5,508,0.0017070675819139333,0.041316674381101065,0.03232647647774896
M3,策略＋早期特征联合 Ridge,EL150800453113,5.4C(50%)-3C,50,1,668,0.0023871023578806326,0.048857981516643036,0.03305567515096957
M3,策略＋早期特征联合 Ridge,EL150800460478,4.4C(24%)-5C,50,1,443,0.0015032501213808505,0.0387717696446893,0.02400752335546509
M3,策略＋早期特征联合 Ridge,EL150800460511,5.6C(38%)-4.25C,50,1,427,0.00011691856319864444,0.010812888753642315,0.008553204090212558
M3,策略＋早期特征联合 Ridge,EL150800460518,1C(4%)-6C,50,1,249,0.00636324959835243,0.07976997930520247,0.06630010955356024
M3,策略＋早期特征联合 Ridge,EL150800460608,5.2C(37%)-4.5C,50,1,441,3.2183286549218585e-05,0.005673031513152257,0.004835121057322887
M3,策略＋早期特征联合 Ridge,EL150800460611,4.8C(80%)-4.8C,50,1,410,0.0013607679827144527,0.036888588787244936,0.024812345415207493
M3,策略＋早期特征联合 Ridge,EL150800460613,6C(4%)-4.75C,50,1,436,5.317520574309921e-05,0.007292133140796265,0.004360747712753814
M3,策略＋早期特征联合 Ridge,EL150800460614,4.9C(27%)-4.75C,50,1,417,0.0009117408508385759,0.03019504679311784,0.018398641996486116
M3,策略＋早期特征联合 Ridge,EL150800465027,4.8C(80%)-4.8C,50,1,819,0.000992965539629923,0.031511355725038596,0.01877175909098708
M3,策略＋早期特征联合 Ridge,EL150800460486,3.6C(80%)-3.6C,50,2,2109,0.006313798151283689,0.07945941197418774,0.0590874130898911
M3,策略＋早期特征联合 Ridge,EL150800460498,6C(31%)-4.25C,50,2,411,0.0001248922378952909,0.011175519580551541,0.006664623572580306
M3,策略＋早期特征联合 Ridge,EL150800460501,4.65C(69%)-6C,50,2,476,5.497431228257308e-05,0.007414466419276108,0.005216840243987052
M3,策略＋早期特征联合 Ridge,EL150800460522,5.4C(50%)-3.6C,50,2,806,0.005336093373335231,0.07304856859196647,0.05269223862475491
M3,策略＋早期特征联合 Ridge,EL150800460525,6C(50%)-3C,50,2,691,0.00029401221778328426,0.017146784473576503,0.012185095295408276
M3,策略＋早期特征联合 Ridge,EL150800460618,7C(40%)-3C,50,2,651,0.0006819587999898771,0.026114340887525327,0.01377097777614705
M3,策略＋早期特征联合 Ridge,EL150800460659,5.4C(80%)-5.4C,50,2,819,0.0008171140729688743,0.028585207240264577,0.018226067522932536
M3,策略＋早期特征联合 Ridge,EL150800464977,4C(80%)-4C,50,2,1383,0.003549820229396977,0.05958036781857743,0.03922658927642238
M3,策略＋早期特征联合 Ridge,EL150800460485,7C(40%)-3.6C,50,3,565,0.0011686319752444245,0.034185259619380175,0.02232035465025385
M3,策略＋早期特征联合 Ridge,EL150800460506,6C(50%)-3.6C,50,3,653,0.0019389934938658388,0.04403400383641986,0.02523862265697136
M3,策略＋早期特征联合 Ridge,EL150800460507,6C(30%)-3.6C,50,3,809,0.000914867299507831,0.03024677337349938,0.018635317892594806
M3,策略＋早期特征联合 Ridge,EL150800460603,4.65C(19%)-4.85C,50,3,438,0.0004269539672466222,0.020662864449214734,0.011989548328526101
M3,策略＋早期特征联合 Ridge,EL150800460630,5.4C(70%)-3C,50,3,966,0.00019512526937079516,0.013968724686627451,0.009722232303357805
M3,策略＋早期特征联合 Ridge,EL150800460634,3.6C(30%)-6C,50,3,460,0.0009021339241104284,0.03003554434516592,0.02639411821503839
M3,策略＋早期特征联合 Ridge,EL150800463208,4C(40%)-6C,50,3,432,0.00040865316470471594,0.02021517164667953,0.018359305195051353
M3,策略＋早期特征联合 Ridge,EL150800463882,5.4C(40%)-3.6C,50,3,737,0.0016063098069852156,0.04007879497920584,0.023074616736930162
M3,策略＋早期特征联合 Ridge,EL150800460466,4C(13%)-5C,50,4,426,0.00015840996680280026,0.012586102129046954,0.008619900421664831
M3,策略＋早期特征联合 Ridge,EL150800460513,5.6C(65%)-3C,50,4,378,0.0013833485989213205,0.037193394560342576,0.019985046451484224
M3,策略＋早期特征联合 Ridge,EL150800460615,6C(40%)-3C,50,4,658,0.0005163921033587249,0.02272426243816782,0.014857295397250721
M3,策略＋早期特征联合 Ridge,EL150800460628,5.2C(71%)-3C,50,4,412,0.001260382432337505,0.03550186519519087,0.021292803824122103
M3,策略＋早期特征联合 Ridge,EL150800460655,3.6C(22%)-5.5C,50,4,393,0.0010699024640215072,0.03270936355268178,0.02649368637556426
M3,策略＋早期特征联合 Ridge,EL150800463229,7C(30%)-3.6C,50,4,915,0.0004664850239608939,0.02159826437380777,0.012883235136580996
M3,策略＋早期特征联合 Ridge,EL150800464881,5.4C(60%)-3C,50,4,737,0.0018240252991321908,0.04270860919220141,0.026833329759669892
M3,策略＋早期特征联合 Ridge,EL150800464883,4.4C(80%)-4.4C,50,4,1023,0.0043085799841297125,0.06563977440645048,0.04431784634434742
M3,策略＋早期特征联合 Ridge,EL150800440551,4.4C(55%)-6C,50,5,410,0.0029746343332252363,0.05454020840834069,0.03973498034624619
M3,策略＋早期特征联合 Ridge,EL150800453773,6C(60%)-3C,50,5,566,0.00025922942016371294,0.01610060309937839,0.008315116195852984
M3,策略＋早期特征联合 Ridge,EL150800460602,2C(2%)-5C,50,5,387,0.00019669059870731245,0.014024642551855374,0.009159182491663864
M3,策略＋早期特征联合 Ridge,EL150800460604,4.9C(69%)-4.25C,50,5,447,0.0009170804082180239,0.030283335486997198,0.015113307835884436
M3,策略＋早期特征联合 Ridge,EL150800460627,5.6C(58%)-3.5C,50,5,408,0.0012837213953765614,0.03582905797500908,0.017627021935984692
M3,策略＋早期特征联合 Ridge,EL150800460640,6C(40%)-3.6C,50,5,680,0.0008037704233336644,0.028350845196107723,0.0186728971362985
M3,策略＋早期特征联合 Ridge,EL150800460641,5.2C(58%)-4C,50,5,469,0.00048618686154664175,0.02204964538369363,0.012001920991570195
M3,策略＋早期特征联合 Ridge,EL150800463871,5.4C(60%)-3.6C,50,5,508,0.0023216807284493447,0.04818382226898718,0.03690119094166296
M4,P3 策略先验＋早期残差 Ridge,EL150800453113,5.4C(50%)-3C,50,1,668,0.0026678601699318474,0.05165133270237901,0.03509011499888718
M4,P3 策略先验＋早期残差 Ridge,EL150800460478,4.4C(24%)-5C,50,1,443,0.005633312402217479,0.07505539555699829,0.05530773780661014
M4,P3 策略先验＋早期残差 Ridge,EL150800460511,5.6C(38%)-4.25C,50,1,427,0.0020366568075190854,0.04512933422419486,0.031945296958141634
M4,P3 策略先验＋早期残差 Ridge,EL150800460518,1C(4%)-6C,50,1,249,0.004389286514493593,0.06625169065385118,0.05545767107971249
M4,P3 策略先验＋早期残差 Ridge,EL150800460608,5.2C(37%)-4.5C,50,1,441,0.0031612245473053922,0.0562247680947231,0.039083969801513255
M4,P3 策略先验＋早期残差 Ridge,EL150800460611,4.8C(80%)-4.8C,50,1,410,0.0023188261057948507,0.048154190947360447,0.03259716246939778
M4,P3 策略先验＋早期残差 Ridge,EL150800460613,6C(4%)-4.75C,50,1,436,0.00014165206072114947,0.011901767125983833,0.00696318106414261
M4,P3 策略先验＋早期残差 Ridge,EL150800460614,4.9C(27%)-4.75C,50,1,417,0.003936701168621763,0.06274313642639937,0.04451815289945904
M4,P3 策略先验＋早期残差 Ridge,EL150800465027,4.8C(80%)-4.8C,50,1,819,0.000857629154138668,0.029285306113111878,0.017480017446377196
M4,P3 策略先验＋早期残差 Ridge,EL150800460486,3.6C(80%)-3.6C,50,2,2109,0.002838945468649049,0.053281755495188494,0.03387779256193858
M4,P3 策略先验＋早期残差 Ridge,EL150800460498,6C(31%)-4.25C,50,2,411,0.000218525213270203,0.014782598326079316,0.008320521381853128
M4,P3 策略先验＋早期残差 Ridge,EL150800460501,4.65C(69%)-6C,50,2,476,0.004035679928465804,0.06352700156992933,0.044148928897049446
M4,P3 策略先验＋早期残差 Ridge,EL150800460522,5.4C(50%)-3.6C,50,2,806,0.005440861591321069,0.07376219622083571,0.053332300249301155
M4,P3 策略先验＋早期残差 Ridge,EL150800460525,6C(50%)-3C,50,2,691,0.0024911844585783416,0.049911766734692345,0.03342233328664834
M4,P3 策略先验＋早期残差 Ridge,EL150800460618,7C(40%)-3C,50,2,651,0.0008230755109959044,0.028689292619301445,0.015028241024799044
M4,P3 策略先验＋早期残差 Ridge,EL150800460659,5.4C(80%)-5.4C,50,2,819,0.010132192072758058,0.1006587903402284,0.07875187666068362
M4,P3 策略先验＋早期残差 Ridge,EL150800464977,4C(80%)-4C,50,2,1383,0.0021242002563646315,0.04608904703250688,0.028771189658907553
M4,P3 策略先验＋早期残差 Ridge,EL150800460485,7C(40%)-3.6C,50,3,565,0.0032526689379682528,0.05703217458565168,0.03523365250039812
M4,P3 策略先验＋早期残差 Ridge,EL150800460506,6C(50%)-3.6C,50,3,653,0.0011514610103530876,0.033933184500619565,0.01879504064529595
M4,P3 策略先验＋早期残差 Ridge,EL150800460507,6C(30%)-3.6C,50,3,809,0.0004214105449495073,0.020528286459164272,0.012318340582126787
M4,P3 策略先验＋早期残差 Ridge,EL150800460603,4.65C(19%)-4.85C,50,3,438,0.0016875599021400824,0.04107992091204756,0.024499049279510958
M4,P3 策略先验＋早期残差 Ridge,EL150800460630,5.4C(70%)-3C,50,3,966,0.005964901704114963,0.07723277610001444,0.055854630794945806
M4,P3 策略先验＋早期残差 Ridge,EL150800460634,3.6C(30%)-6C,50,3,460,0.005230581488884148,0.07232275913489576,0.06184735688716876
M4,P3 策略先验＋早期残差 Ridge,EL150800463208,4C(40%)-6C,50,3,432,0.003503345750757234,0.059189067831460516,0.04490072751676882
M4,P3 策略先验＋早期残差 Ridge,EL150800463882,5.4C(40%)-3.6C,50,3,737,0.000785606682666489,0.028028676077661765,0.01765832754153364
M4,P3 策略先验＋早期残差 Ridge,EL150800460466,4C(13%)-5C,50,4,426,0.0001446404809441598,0.012026657097637722,0.00849314159584368
M4,P3 策略先验＋早期残差 Ridge,EL150800460513,5.6C(65%)-3C,50,4,378,0.0014474224468475996,0.038045005544060574,0.020535326331773036
M4,P3 策略先验＋早期残差 Ridge,EL150800460615,6C(40%)-3C,50,4,658,2.6930170569975043e-05,0.005189428732526832,0.003732683579245994
M4,P3 策略先验＋早期残差 Ridge,EL150800460628,5.2C(71%)-3C,50,4,412,0.0018926121567492346,0.04350416252209936,0.027222701663803445
M4,P3 策略先验＋早期残差 Ridge,EL150800460655,3.6C(22%)-5.5C,50,4,393,0.00025265764567428296,0.015895208261431586,0.012585367753990932
M4,P3 策略先验＋早期残差 Ridge,EL150800463229,7C(30%)-3.6C,50,4,915,0.001963070417372262,0.044306550501841846,0.028650840859394608
M4,P3 策略先验＋早期残差 Ridge,EL150800464881,5.4C(60%)-3C,50,4,737,0.003153392312734117,0.056155073793328035,0.037045375050804324
M4,P3 策略先验＋早期残差 Ridge,EL150800464883,4.4C(80%)-4.4C,50,4,1023,0.0004163044773529635,0.0204035408043056,0.011113486898714576
M4,P3 策略先验＋早期残差 Ridge,EL150800440551,4.4C(55%)-6C,50,5,410,0.006960002882611943,0.08342663173478804,0.07233565903776551
M4,P3 策略先验＋早期残差 Ridge,EL150800453773,6C(60%)-3C,50,5,566,0.004123559236959071,0.06421494558869509,0.045663527413588464
M4,P3 策略先验＋早期残差 Ridge,EL150800460602,2C(2%)-5C,50,5,387,0.0022514368266442547,0.047449307968022617,0.03104296348404182
M4,P3 策略先验＋早期残差 Ridge,EL150800460604,4.9C(69%)-4.25C,50,5,447,0.00016483944558268892,0.012838981485409538,0.008109113712331202
M4,P3 策略先验＋早期残差 Ridge,EL150800460627,5.6C(58%)-3.5C,50,5,408,0.0019327019202978822,0.04396250584643557,0.022934986494509566
M4,P3 策略先验＋早期残差 Ridge,EL150800460640,6C(40%)-3.6C,50,5,680,0.00039396576393382497,0.019848570828496066,0.010065497784352733
M4,P3 策略先验＋早期残差 Ridge,EL150800460641,5.2C(58%)-4C,50,5,469,0.0012071049646982046,0.03474341613454562,0.025332088294048965
M4,P3 策略先验＋早期残差 Ridge,EL150800463871,5.4C(60%)-3.6C,50,5,508,0.004509372364868177,0.06715186047212822,0.047287828247093745
M1,策略参数 Ridge（设计前基线）,EL150800453113,5.4C(50%)-3C,100,1,618,0.0003484474569278742,0.018666747358012704,0.013376160347453417
M1,策略参数 Ridge（设计前基线）,EL150800460478,4.4C(24%)-5C,100,1,393,0.0014242750226158073,0.03773956839466778,0.025553282327978755
M1,策略参数 Ridge（设计前基线）,EL150800460511,5.6C(38%)-4.25C,100,1,377,0.001648501869800133,0.040601747127434466,0.02168144858241322
M1,策略参数 Ridge（设计前基线）,EL150800460518,1C(4%)-6C,100,1,199,0.0043223100652415,0.06574427781367365,0.05478922019855823
M1,策略参数 Ridge（设计前基线）,EL150800460608,5.2C(37%)-4.5C,100,1,391,0.001576144843715579,0.0397006907208877,0.02286170182767441
M1,策略参数 Ridge（设计前基线）,EL150800460611,4.8C(80%)-4.8C,100,1,360,0.002247957472430574,0.04741262988308678,0.03281931886474136
M1,策略参数 Ridge（设计前基线）,EL150800460613,6C(4%)-4.75C,100,1,386,0.0011798413695229537,0.0343488190411687,0.021671808839879566
M1,策略参数 Ridge（设计前基线）,EL150800460614,4.9C(27%)-4.75C,100,1,367,0.0017122232504103636,0.041379019447183175,0.026665161742581014
M1,策略参数 Ridge（设计前基线）,EL150800465027,4.8C(80%)-4.8C,100,1,769,0.003129669346692948,0.055943447754790265,0.03781806661162095
M1,策略参数 Ridge（设计前基线）,EL150800460486,3.6C(80%)-3.6C,100,2,2059,0.012963630021913227,0.113857937895929,0.0995533874149941
M1,策略参数 Ridge（设计前基线）,EL150800460498,6C(31%)-4.25C,100,2,361,0.0016505316766951324,0.04062673598377222,0.02344040437763356
M1,策略参数 Ridge（设计前基线）,EL150800460501,4.65C(69%)-6C,100,2,426,3.471669312018561e-05,0.005892087331344098,0.0050907919300732865
M1,策略参数 Ridge（设计前基线）,EL150800460522,5.4C(50%)-3.6C,100,2,756,0.004571886595935504,0.06761572743035088,0.04882876477734834
M1,策略参数 Ridge（设计前基线）,EL150800460525,6C(50%)-3C,100,2,641,0.001053582529810436,0.03245893605481295,0.022506764694620353
M1,策略参数 Ridge（设计前基线）,EL150800460618,7C(40%)-3C,100,2,601,2.1999546248017418e-05,0.00469036738945015,0.0038858480873439575
M1,策略参数 Ridge（设计前基线）,EL150800460659,5.4C(80%)-5.4C,100,2,769,0.0058569161183805235,0.07653049142910637,0.056107667945670105
M1,策略参数 Ridge（设计前基线）,EL150800464977,4C(80%)-4C,100,2,1333,0.011535000229381127,0.10740111838049513,0.08805608505457954
M1,策略参数 Ridge（设计前基线）,EL150800460485,7C(40%)-3.6C,100,3,515,9.955126456744294e-05,0.009977538001302874,0.006502528353667277
M1,策略参数 Ridge（设计前基线）,EL150800460506,6C(50%)-3.6C,100,3,603,0.000525605556525206,0.02292608899322355,0.015550667584590422
M1,策略参数 Ridge（设计前基线）,EL150800460507,6C(30%)-3.6C,100,3,759,0.004750475808276791,0.06892369555005587,0.04916942082575216
M1,策略参数 Ridge（设计前基线）,EL150800460603,4.65C(19%)-4.85C,100,3,388,0.00045610341546070975,0.02135657780311981,0.01746819925683722
M1,策略参数 Ridge（设计前基线）,EL150800460630,5.4C(70%)-3C,100,3,916,0.004078651416114988,0.0638643203683793,0.044467125548479446
M1,策略参数 Ridge（设计前基线）,EL150800460634,3.6C(30%)-6C,100,3,410,0.0009916033835537712,0.031489734574203246,0.027891851871939315
M1,策略参数 Ridge（设计前基线）,EL150800463208,4C(40%)-6C,100,3,382,0.0009026525356399133,0.030044176401424507,0.025079589324423904
M1,策略参数 Ridge（设计前基线）,EL150800463882,5.4C(40%)-3.6C,100,3,687,0.002492656935742336,0.049926515357496516,0.034089005288887
M1,策略参数 Ridge（设计前基线）,EL150800460466,4C(13%)-5C,100,4,376,0.0004397676293313846,0.020970637313429095,0.016811437395683082
M1,策略参数 Ridge（设计前基线）,EL150800460513,5.6C(65%)-3C,100,4,328,0.002320584477074111,0.04817244520547105,0.029345606948784932
M1,策略参数 Ridge（设计前基线）,EL150800460615,6C(40%)-3C,100,4,608,0.0003632068291322955,0.019057985967365375,0.013642065540440293
M1,策略参数 Ridge（设计前基线）,EL150800460628,5.2C(71%)-3C,100,4,362,0.002203725220370994,0.046943851784562736,0.030576531642500453
M1,策略参数 Ridge（设计前基线）,EL150800460655,3.6C(22%)-5.5C,100,4,343,0.001137038897265254,0.03372000737344602,0.027244898953370997
M1,策略参数 Ridge（设计前基线）,EL150800463229,7C(30%)-3.6C,100,4,865,0.00639817680892132,0.07998860424411293,0.060092870428029306
M1,策略参数 Ridge（设计前基线）,EL150800464881,5.4C(60%)-3C,100,4,687,0.00018487207403984494,0.013596767043670526,0.008166831177232924
M1,策略参数 Ridge（设计前基线）,EL150800464883,4.4C(80%)-4.4C,100,4,973,0.005815291774645706,0.0762580603913167,0.055575701471934275
M1,策略参数 Ridge（设计前基线）,EL150800440551,4.4C(55%)-6C,100,5,360,0.0013162211382475991,0.036279762102963124,0.02931418052034233
M1,策略参数 Ridge（设计前基线）,EL150800453773,6C(60%)-3C,100,5,516,0.001164475282250904,0.03412440889232961,0.017457236888909742
M1,策略参数 Ridge（设计前基线）,EL150800460602,2C(2%)-5C,100,5,337,0.0004441242017658943,0.021074254477107708,0.014542870349538722
M1,策略参数 Ridge（设计前基线）,EL150800460604,4.9C(69%)-4.25C,100,5,397,0.001780082843501179,0.04219102799768191,0.022436389040608806
M1,策略参数 Ridge（设计前基线）,EL150800460627,5.6C(58%)-3.5C,100,5,358,0.002145092650547782,0.04631514493713457,0.02566276480179391
M1,策略参数 Ridge（设计前基线）,EL150800460640,6C(40%)-3.6C,100,5,630,0.0005890719427815794,0.024270804329102474,0.01618573511336633
M1,策略参数 Ridge（设计前基线）,EL150800460641,5.2C(58%)-4C,100,5,419,0.00165713279462863,0.0407078959739831,0.020831274240969654
M1,策略参数 Ridge（设计前基线）,EL150800463871,5.4C(60%)-3.6C,100,5,458,0.0020139896917187637,0.04487749649566878,0.034439547826262754
M2,早期运行特征 Ridge（运行后基线）,EL150800453113,5.4C(50%)-3C,100,1,618,0.0006379475782046579,0.02525762415993749,0.01755040062095984
M2,早期运行特征 Ridge（运行后基线）,EL150800460478,4.4C(24%)-5C,100,1,393,0.0011827909785414833,0.03439172834478493,0.023562934532426374
M2,早期运行特征 Ridge（运行后基线）,EL150800460511,5.6C(38%)-4.25C,100,1,377,0.0005421827617905948,0.023284818268360926,0.0124256466350273
M2,早期运行特征 Ridge（运行后基线）,EL150800460518,1C(4%)-6C,100,1,199,0.004356271739173684,0.06600205859799893,0.054998687265879094
M2,早期运行特征 Ridge（运行后基线）,EL150800460608,5.2C(37%)-4.5C,100,1,391,0.0008796637938414804,0.029659126653384122,0.01694770666432694
M2,早期运行特征 Ridge（运行后基线）,EL150800460611,4.8C(80%)-4.8C,100,1,360,0.002283495864568277,0.04778593793751753,0.033095543277832776
M2,早期运行特征 Ridge（运行后基线）,EL150800460613,6C(4%)-4.75C,100,1,386,0.0005344443265838766,0.023118051963430582,0.01475271670337042
M2,早期运行特征 Ridge（运行后基线）,EL150800460614,4.9C(27%)-4.75C,100,1,367,0.000685921914302598,0.026190111002105318,0.01738919411609519
M2,早期运行特征 Ridge（运行后基线）,EL150800465027,4.8C(80%)-4.8C,100,1,769,7.023229363801642e-05,0.008380470967554057,0.005031369767573797
M2,早期运行特征 Ridge（运行后基线）,EL150800460486,3.6C(80%)-3.6C,100,2,2059,0.005421845780846882,0.07363318396515854,0.053383819954133244
M2,早期运行特征 Ridge（运行后基线）,EL150800460498,6C(31%)-4.25C,100,2,361,0.000390838070848611,0.019769624954677593,0.013656812319087932
M2,早期运行特征 Ridge（运行后基线）,EL150800460501,4.65C(69%)-6C,100,2,426,0.0002936742658541781,0.0171369269664715,0.009921984897374302
M2,早期运行特征 Ridge（运行后基线）,EL150800460522,5.4C(50%)-3.6C,100,2,756,0.005100209653694652,0.07141575213980912,0.05215081272059835
M2,早期运行特征 Ridge（运行后基线）,EL150800460525,6C(50%)-3C,100,2,641,0.0004409938645113555,0.02099985391642893,0.015301344351373095
M2,早期运行特征 Ridge（运行后基线）,EL150800460618,7C(40%)-3C,100,2,601,0.0005997931385896471,0.024490674522961737,0.013713618747091871
M2,早期运行特征 Ridge（运行后基线）,EL150800460659,5.4C(80%)-5.4C,100,2,769,0.00038472483546275044,0.019614403775357295,0.013521030402003522
M2,早期运行特征 Ridge（运行后基线）,EL150800464977,4C(80%)-4C,100,2,1333,0.0019253286825643646,0.043878567462536475,0.027708925392612164
M2,早期运行特征 Ridge（运行后基线）,EL150800460485,7C(40%)-3.6C,100,3,515,0.0014041076492824506,0.03747142443626143,0.025378065106698572
M2,早期运行特征 Ridge（运行后基线）,EL150800460506,6C(50%)-3.6C,100,3,603,0.002310984120754811,0.04807269620850084,0.028205167596359864
M2,早期运行特征 Ridge（运行后基线）,EL150800460507,6C(30%)-3.6C,100,3,759,0.0002834281286059026,0.01683532383430454,0.010742386093870336
M2,早期运行特征 Ridge（运行后基线）,EL150800460603,4.65C(19%)-4.85C,100,3,388,0.0004372347256155269,0.020910158431143626,0.013081007605223712
M2,早期运行特征 Ridge（运行后基线）,EL150800460630,5.4C(70%)-3C,100,3,916,0.0004885999168523746,0.02210429634375124,0.014285515551860329
M2,早期运行特征 Ridge（运行后基线）,EL150800460634,3.6C(30%)-6C,100,3,410,0.0006489124093440885,0.025473759230708146,0.022610795787656984
M2,早期运行特征 Ridge（运行后基线）,EL150800463208,4C(40%)-6C,100,3,382,0.00017346784366260932,0.013170719177881264,0.011669226930281
M2,早期运行特征 Ridge（运行后基线）,EL150800463882,5.4C(40%)-3.6C,100,3,687,0.00178462537349334,0.04224482658851069,0.02490183749081916
M2,早期运行特征 Ridge（运行后基线）,EL150800460466,4C(13%)-5C,100,4,376,0.00015215467771396353,0.012335099420513947,0.008805992807240535
M2,早期运行特征 Ridge（运行后基线）,EL150800460513,5.6C(65%)-3C,100,4,328,0.00040424207706938725,0.020105772232604926,0.011279800349644018
M2,早期运行特征 Ridge（运行后基线）,EL150800460615,6C(40%)-3C,100,4,608,6.702373253755977e-05,0.008186802338981915,0.0064533227697233875
M2,早期运行特征 Ridge（运行后基线）,EL150800460628,5.2C(71%)-3C,100,4,362,0.00041522898654707853,0.020377168266152157,0.012848777294807863
M2,早期运行特征 Ridge（运行后基线）,EL150800460655,3.6C(22%)-5.5C,100,4,343,0.0017781353956802125,0.04216794274896764,0.03282310594093997
M2,早期运行特征 Ridge（运行后基线）,EL150800463229,7C(30%)-3.6C,100,4,865,0.0002753007430086451,0.01659218921687687,0.01013366517512246
M2,早期运行特征 Ridge（运行后基线）,EL150800464881,5.4C(60%)-3C,100,4,687,0.0025687188581098503,0.05068253010762042,0.03390935870537365
M2,早期运行特征 Ridge（运行后基线）,EL150800464883,4.4C(80%)-4.4C,100,4,973,0.0031570396212692903,0.05618753973319432,0.03686201437860849
M2,早期运行特征 Ridge（运行后基线）,EL150800440551,4.4C(55%)-6C,100,5,360,0.004060003769391285,0.06371815886692964,0.050932471295285116
M2,早期运行特征 Ridge（运行后基线）,EL150800453773,6C(60%)-3C,100,5,516,9.633810004768236e-05,0.00981519740237976,0.0053461191452319114
M2,早期运行特征 Ridge（运行后基线）,EL150800460602,2C(2%)-5C,100,5,337,0.0006499471055178521,0.025494060200718364,0.01738099827521458
M2,早期运行特征 Ridge（运行后基线）,EL150800460604,4.9C(69%)-4.25C,100,5,397,0.00043024764351912723,0.020742411709324622,0.010746004999700024
M2,早期运行特征 Ridge（运行后基线）,EL150800460627,5.6C(58%)-3.5C,100,5,358,0.0011206501541017532,0.033476113186894224,0.016956629126115813
M2,早期运行特征 Ridge（运行后基线）,EL150800460640,6C(40%)-3.6C,100,5,630,0.0004738301966967956,0.02176764104575403,0.014583892343131968
M2,早期运行特征 Ridge（运行后基线）,EL150800460641,5.2C(58%)-4C,100,5,419,7.903951879813607e-05,0.008890417245446699,0.007495768059387901
M2,早期运行特征 Ridge（运行后基线）,EL150800463871,5.4C(60%)-3.6C,100,5,458,0.0005282719411821466,0.022984167184871996,0.020275598787709452
M3,策略＋早期特征联合 Ridge,EL150800453113,5.4C(50%)-3C,100,1,618,0.0007469424544859209,0.027330247977029425,0.01889848116395672
M3,策略＋早期特征联合 Ridge,EL150800460478,4.4C(24%)-5C,100,1,393,0.0008767376190378256,0.02960975547075365,0.02058906606418461
M3,策略＋早期特征联合 Ridge,EL150800460511,5.6C(38%)-4.25C,100,1,377,0.000817736719262851,0.02859609622418506,0.015073447334194202
M3,策略＋早期特征联合 Ridge,EL150800460518,1C(4%)-6C,100,1,199,0.004306621163707586,0.06562485172331886,0.05467999104028633
M3,策略＋早期特征联合 Ridge,EL150800460608,5.2C(37%)-4.5C,100,1,391,0.0010401341534421768,0.0322511108869474,0.018464894269267892
M3,策略＋早期特征联合 Ridge,EL150800460611,4.8C(80%)-4.8C,100,1,360,0.002501553640400144,0.05001553399095269,0.034923702288050584
M3,策略＋早期特征联合 Ridge,EL150800460613,6C(4%)-4.75C,100,1,386,0.00017020565752276103,0.013046289032623837,0.008673163956705619
M3,策略＋早期特征联合 Ridge,EL150800460614,4.9C(27%)-4.75C,100,1,367,0.0007438849225874353,0.02727425384107575,0.018009720523039008
M3,策略＋早期特征联合 Ridge,EL150800465027,4.8C(80%)-4.8C,100,1,769,0.000193852419625515,0.013923089442559615,0.008242381813391892
M3,策略＋早期特征联合 Ridge,EL150800460486,3.6C(80%)-3.6C,100,2,2059,0.005762100385631656,0.07590850008814333,0.055811471682929534
M3,策略＋早期特征联合 Ridge,EL150800460498,6C(31%)-4.25C,100,2,361,0.00023320477532125074,0.015271043688014605,0.01072316460495019
M3,策略＋早期特征联合 Ridge,EL150800460501,4.65C(69%)-6C,100,2,426,1.0666957236780107e-05,0.0032660308076899866,0.0029010923674794888
M3,策略＋早期特征联合 Ridge,EL150800460522,5.4C(50%)-3.6C,100,2,756,0.004930719349216689,0.07021908109066002,0.05108239648228414
M3,策略＋早期特征联合 Ridge,EL150800460525,6C(50%)-3C,100,2,641,0.0002352860022787303,0.015339035246022818,0.011754908794257016
M3,策略＋早期特征联合 Ridge,EL150800460618,7C(40%)-3C,100,2,601,0.0008327352530156166,0.028857152545177022,0.015828174180964914
M3,策略＋早期特征联合 Ridge,EL150800460659,5.4C(80%)-5.4C,100,2,769,0.0001070904445636718,0.010348451312330352,0.007659183385128986
M3,策略＋早期特征联合 Ridge,EL150800464977,4C(80%)-4C,100,2,1333,0.0026106555904249658,0.05109457496080152,0.033107357581999834
M3,策略＋早期特征联合 Ridge,EL150800460485,7C(40%)-3.6C,100,3,515,0.001935184109902387,0.04399072754459043,0.030151279012317945
M3,策略＋早期特征联合 Ridge,EL150800460506,6C(50%)-3.6C,100,3,603,0.002143212239907274,0.04629484031625203,0.026831677186711547
M3,策略＋早期特征联合 Ridge,EL150800460507,6C(30%)-3.6C,100,3,759,0.0006274397747897125,0.02504874796850558,0.016109463105749827
M3,策略＋早期特征联合 Ridge,EL150800460603,4.65C(19%)-4.85C,100,3,388,0.000724869337329753,0.026923397581467185,0.016381241205836443
M3,策略＋早期特征联合 Ridge,EL150800460630,5.4C(70%)-3C,100,3,916,0.0006311374406608405,0.025122448938366668,0.016036106370653804
M3,策略＋早期特征联合 Ridge,EL150800460634,3.6C(30%)-6C,100,3,410,0.0006349078958059519,0.02519737874871019,0.022538831668766586
M3,策略＋早期特征联合 Ridge,EL150800463208,4C(40%)-6C,100,3,382,0.00032883863302839394,0.018133908377081703,0.01657826361080427
M3,策略＋早期特征联合 Ridge,EL150800463882,5.4C(40%)-3.6C,100,3,687,0.001697389026127496,0.04119938138039813,0.024082411605422786
M3,策略＋早期特征联合 Ridge,EL150800460466,4C(13%)-5C,100,4,376,0.0003730041513294185,0.019313315389373687,0.011901038976113923
M3,策略＋早期特征联合 Ridge,EL150800460513,5.6C(65%)-3C,100,4,328,0.0010104590168194465,0.031787718018433574,0.017950453093468845
M3,策略＋早期特征联合 Ridge,EL150800460615,6C(40%)-3C,100,4,608,0.0003386132848825659,0.018401447901797454,0.013230576097782998
M3,策略＋早期特征联合 Ridge,EL150800460628,5.2C(71%)-3C,100,4,362,0.0011196725913989061,0.033461509102234256,0.020869884501840585
M3,策略＋早期特征联合 Ridge,EL150800460655,3.6C(22%)-5.5C,100,4,343,0.0014198617252652178,0.03768105260293584,0.0299007637530831
M3,策略＋早期特征联合 Ridge,EL150800463229,7C(30%)-3.6C,100,4,865,5.335592481068455e-06,0.002309890144805258,0.0016596398639075346
M3,策略＋早期特征联合 Ridge,EL150800464881,5.4C(60%)-3C,100,4,687,0.002146316804366043,0.04632835853304154,0.030635594973083505
M3,策略＋早期特征联合 Ridge,EL150800464883,4.4C(80%)-4.4C,100,4,973,0.0025220604556887073,0.05022012002861709,0.03193923878255543
M3,策略＋早期特征联合 Ridge,EL150800440551,4.4C(55%)-6C,100,5,360,0.005292056920599602,0.07274652514450158,0.061552783353806914
M3,策略＋早期特征联合 Ridge,EL150800453773,6C(60%)-3C,100,5,516,6.184271268117774e-05,0.007864013776766782,0.0047806935646721345
M3,策略＋早期特征联合 Ridge,EL150800460602,2C(2%)-5C,100,5,337,0.001975633158999665,0.044448095111035583,0.02974470998472727
M3,策略＋早期特征联合 Ridge,EL150800460604,4.9C(69%)-4.25C,100,5,397,0.0007916574989897629,0.02813640877919147,0.014184410050288952
M3,策略＋早期特征联合 Ridge,EL150800460627,5.6C(58%)-3.5C,100,5,358,0.001362740001823779,0.03691530850235142,0.01897604307438734
M3,策略＋早期特征联合 Ridge,EL150800460640,6C(40%)-3.6C,100,5,630,0.0012103940780544512,0.03479071827448308,0.023056824072189227
M3,策略＋早期特征联合 Ridge,EL150800460641,5.2C(58%)-4C,100,5,419,5.105375406564578e-05,0.007145190974749785,0.006125019963012044
M3,策略＋早期特征联合 Ridge,EL150800463871,5.4C(60%)-3.6C,100,5,458,0.00015036704934076687,0.012262424284812806,0.010876340494155139
M4,P3 策略先验＋早期残差 Ridge,EL150800453113,5.4C(50%)-3C,100,1,618,0.0008575731644110833,0.029284350162007748,0.02017665212212392
M4,P3 策略先验＋早期残差 Ridge,EL150800460478,4.4C(24%)-5C,100,1,393,0.0013439084394684761,0.03665935677925182,0.02305506540515766
M4,P3 策略先验＋早期残差 Ridge,EL150800460511,5.6C(38%)-4.25C,100,1,377,0.00014419426728820936,0.012008091742163255,0.009213233727593976
M4,P3 策略先验＋早期残差 Ridge,EL150800460518,1C(4%)-6C,100,1,199,0.0014509833975121032,0.038091775982646216,0.034106775998095744
M4,P3 策略先验＋早期残差 Ridge,EL150800460608,5.2C(37%)-4.5C,100,1,391,0.0007443090183283292,0.027282027386694142,0.018397724446648552
M4,P3 策略先验＋早期残差 Ridge,EL150800460611,4.8C(80%)-4.8C,100,1,360,0.0028955873467927176,0.05381066201778898,0.03793776610983045
M4,P3 策略先验＋早期残差 Ridge,EL150800460613,6C(4%)-4.75C,100,1,386,1.4268712886824237e-05,0.0037773949868691566,0.0026898275950715746
M4,P3 策略先验＋早期残差 Ridge,EL150800460614,4.9C(27%)-4.75C,100,1,367,0.0009908981786695623,0.03147853520527222,0.01927077437666376
M4,P3 策略先验＋早期残差 Ridge,EL150800465027,4.8C(80%)-4.8C,100,1,769,0.0002910076869868956,0.017058947417320204,0.0100906952335861
M4,P3 策略先验＋早期残差 Ridge,EL150800460486,3.6C(80%)-3.6C,100,2,2059,0.0004048991360801111,0.020122105657214683,0.01403897224374668
M4,P3 策略先验＋早期残差 Ridge,EL150800460498,6C(31%)-4.25C,100,2,361,0.0007203290070459838,0.02683894571412938,0.0181675683342448
M4,P3 策略先验＋早期残差 Ridge,EL150800460501,4.65C(69%)-6C,100,2,426,0.004182913659665134,0.0646754486622639,0.04657957753843726
M4,P3 策略先验＋早期残差 Ridge,EL150800460522,5.4C(50%)-3.6C,100,2,756,0.005830484293607017,0.07635760796153201,0.05659045507410261
M4,P3 策略先验＋早期残差 Ridge,EL150800460525,6C(50%)-3C,100,2,641,0.0011583348519849641,0.03403431873837001,0.023537117247011588
M4,P3 策略先验＋早期残差 Ridge,EL150800460618,7C(40%)-3C,100,2,601,0.0017805450757213714,0.042196505491822085,0.02342652252168345
M4,P3 策略先验＋早期残差 Ridge,EL150800460659,5.4C(80%)-5.4C,100,2,769,0.008412018329188739,0.091717055824905,0.07043612786967368
M4,P3 策略先验＋早期残差 Ridge,EL150800464977,4C(80%)-4C,100,2,1333,0.00021417559181644347,0.014634739212450745,0.008953014395892326
M4,P3 策略先验＋早期残差 Ridge,EL150800460485,7C(40%)-3.6C,100,3,515,0.0033678252086123154,0.058032966567394394,0.03614171909583844
M4,P3 策略先验＋早期残差 Ridge,EL150800460506,6C(50%)-3.6C,100,3,603,0.0011235870399125603,0.033519949879326494,0.018322581059229744
M4,P3 策略先验＋早期残差 Ridge,EL150800460507,6C(30%)-3.6C,100,3,759,0.000418985613461751,0.02046913807324947,0.01313190184745253
M4,P3 策略先验＋早期残差 Ridge,EL150800460603,4.65C(19%)-4.85C,100,3,388,0.002073769811979991,0.045538662825998645,0.029136712027509868
M4,P3 策略先验＋早期残差 Ridge,EL150800460630,5.4C(70%)-3C,100,3,916,0.005182172223675957,0.07198730598984766,0.05182767530879747
M4,P3 策略先验＋早期残差 Ridge,EL150800460634,3.6C(30%)-6C,100,3,410,0.00435575178874128,0.06599811958488878,0.05638850304077512
M4,P3 策略先验＋早期残差 Ridge,EL150800463208,4C(40%)-6C,100,3,382,0.0036506737840218463,0.060420805886895,0.04545459004148207
M4,P3 策略先验＋早期残差 Ridge,EL150800463882,5.4C(40%)-3.6C,100,3,687,0.0002136368127560774,0.01461632008256789,0.007462615989559234
M4,P3 策略先验＋早期残差 Ridge,EL150800460466,4C(13%)-5C,100,4,376,0.0001471004994683329,0.012128499473073035,0.00880611300102845
M4,P3 策略先验＋早期残差 Ridge,EL150800460513,5.6C(65%)-3C,100,4,328,0.0016847077040378308,0.04104519099770192,0.023602904664788472
M4,P3 策略先验＋早期残差 Ridge,EL150800460615,6C(40%)-3C,100,4,608,3.332639212183879e-05,0.005772901534050168,0.004560716982171511
M4,P3 策略先验＋早期残差 Ridge,EL150800460628,5.2C(71%)-3C,100,4,362,0.00216661478402518,0.046546909500257694,0.0302248855993342
M4,P3 策略先验＋早期残差 Ridge,EL150800460655,3.6C(22%)-5.5C,100,4,343,0.00035820174182086043,0.01892621837084367,0.016163899471647158
M4,P3 策略先验＋早期残差 Ridge,EL150800463229,7C(30%)-3.6C,100,4,865,0.0020590117595236965,0.045376334796055275,0.03055512322543044
M4,P3 策略先验＋早期残差 Ridge,EL150800464881,5.4C(60%)-3C,100,4,687,0.0035863703061332153,0.05988631150883493,0.041215215412514994
M4,P3 策略先验＋早期残差 Ridge,EL150800464883,4.4C(80%)-4.4C,100,4,973,0.0014730960121500836,0.03838093292443637,0.022942258616863578
M4,P3 策略先验＋早期残差 Ridge,EL150800440551,4.4C(55%)-6C,100,5,360,0.0056099803523735415,0.07489980208500915,0.06414280633914671
M4,P3 策略先验＋早期残差 Ridge,EL150800453773,6C(60%)-3C,100,5,516,0.0037922570487779177,0.061581304377042206,0.043848754279592436
M4,P3 策略先验＋早期残差 Ridge,EL150800460602,2C(2%)-5C,100,5,337,0.0023487779172133775,0.04846419211349115,0.03252206267115013
M4,P3 策略先验＋早期残差 Ridge,EL150800460604,4.9C(69%)-4.25C,100,5,397,0.0016577285897220657,0.04071521324667311,0.028885240457259424
M4,P3 策略先验＋早期残差 Ridge,EL150800460627,5.6C(58%)-3.5C,100,5,358,0.0018927726482558557,0.043506007036452514,0.023510879233506934
M4,P3 策略先验＋早期残差 Ridge,EL150800460640,6C(40%)-3.6C,100,5,630,0.00020745399686371944,0.014403263410203933,0.007643230987161222
M4,P3 策略先验＋早期残差 Ridge,EL150800460641,5.2C(58%)-4C,100,5,419,0.0011098139265071332,0.033313869881884534,0.024009570500253718
M4,P3 策略先验＋早期残差 Ridge,EL150800463871,5.4C(60%)-3.6C,100,5,458,0.00044376748521096827,0.021065789451406,0.015145735868783644
