model_id,barcode,policy_table9,k,outer_fold,future_point_count,soh_mse,soh_rmse,soh_mae
M3R,EL150800453113,5.4C(50%)-3C,5,1,713,5.038320595036795e-05,0.00709811284429657,0.006450013749784554
M3R,EL150800460478,4.4C(24%)-5C,5,1,488,1.4788071974594915e-05,0.0038455262285667633,0.00303127368095631
M3R,EL150800460511,5.6C(38%)-4.25C,5,1,472,0.0002456087630684244,0.015671910000648433,0.013555983619319874
M3R,EL150800460518,1C(4%)-6C,5,1,294,0.005643956303951776,0.07512626906716303,0.05968237501284539
M3R,EL150800460608,5.2C(37%)-4.5C,5,1,486,9.240658050756424e-05,0.009612834155833765,0.008551142690391436
M3R,EL150800460611,4.8C(80%)-4.8C,5,1,455,0.0018003645471447022,0.042430702882991486,0.026634264247172613
M3R,EL150800460613,6C(4%)-4.75C,5,1,481,0.00033365025058067866,0.018266095657821314,0.011620320642918899
M3R,EL150800460614,4.9C(27%)-4.75C,5,1,462,0.0001744878307918605,0.01320938419427115,0.008394543107016917
M3R,EL150800465027,4.8C(80%)-4.8C,5,1,864,0.00019496165084997413,0.013962866856415058,0.008220872339964604
M3R,EL150800460486,3.6C(80%)-3.6C,5,2,2154,0.006424751085641331,0.08015454500925903,0.060377030123595424
M3R,EL150800460498,6C(31%)-4.25C,5,2,456,4.742226083009892e-05,0.006886382274467409,0.006527217000240733
M3R,EL150800460501,4.65C(69%)-6C,5,2,521,0.00024487201615850903,0.015648387014593836,0.00881869439195593
M3R,EL150800460522,5.4C(50%)-3.6C,5,2,851,0.004188015705995526,0.06471488009720427,0.04569537414055182
M3R,EL150800460525,6C(50%)-3C,5,2,736,0.0003901343005009294,0.019751817650558882,0.014227752450961693
M3R,EL150800460618,7C(40%)-3C,5,2,696,0.0007557476266988103,0.02749086442254609,0.0142968689297449
M3R,EL150800460659,5.4C(80%)-5.4C,5,2,864,0.00012308311362738096,0.011094282925335056,0.007452167089087197
M3R,EL150800464977,4C(80%)-4C,5,2,1428,0.0050778276803342525,0.0712588779053828,0.04983047144144642
M3R,EL150800460485,7C(40%)-3.6C,5,3,610,0.0003708834113435511,0.019258333555724677,0.011043590030672333
M3R,EL150800460506,6C(50%)-3.6C,5,3,698,0.0020768042788654197,0.04557196812587119,0.025269593059045272
M3R,EL150800460507,6C(30%)-3.6C,5,3,854,3.001156658040764e-05,0.0054782813527973935,0.0030307566971397655
M3R,EL150800460603,4.65C(19%)-4.85C,5,3,483,0.0002226392973647941,0.014921102417877644,0.011717931006499276
M3R,EL150800460630,5.4C(70%)-3C,5,3,1011,0.0003469394239534649,0.01862630999294989,0.011217724963170111
M3R,EL150800460634,3.6C(30%)-6C,5,3,505,0.002500852078060818,0.05000852005469486,0.03705010430036096
M3R,EL150800463208,4C(40%)-6C,5,3,477,0.0003616147697695192,0.019016171269988058,0.014569679407337374
M3R,EL150800463882,5.4C(40%)-3.6C,5,3,782,0.00041067197541639185,0.020265043188120568,0.010708140505869096
M3R,EL150800460466,4C(13%)-5C,5,4,471,0.0010462325188244543,0.03234551775477484,0.022587151068932904
M3R,EL150800460513,5.6C(65%)-3C,5,4,423,0.001520027206251301,0.03898752629048554,0.027375132864261294
M3R,EL150800460615,6C(40%)-3C,5,4,703,0.0011960969600422675,0.034584634739176695,0.021975893707569468
M3R,EL150800460628,5.2C(71%)-3C,5,4,457,3.964937392657272e-05,0.006296774882951805,0.003681701506259933
M3R,EL150800460655,3.6C(22%)-5.5C,5,4,438,0.0011370220859130606,0.03371975809392856,0.026445844528282643
M3R,EL150800463229,7C(30%)-3.6C,5,4,960,0.0004785390102879462,0.02187553451433693,0.013089326787676322
M3R,EL150800464881,5.4C(60%)-3C,5,4,782,0.0010256198036242832,0.032025299430673296,0.01935247008613596
M3R,EL150800464883,4.4C(80%)-4.4C,5,4,1068,0.0008069612415634929,0.0284070632337011,0.01607271965104703
M3R,EL150800440551,4.4C(55%)-6C,5,5,455,0.0014150311306352942,0.03761689953511977,0.02628001423212265
M3R,EL150800453773,6C(60%)-3C,5,5,611,0.00012413664252217485,0.011141662466713612,0.006694248655199189
M3R,EL150800460602,2C(2%)-5C,5,5,432,0.0001265904937779849,0.011251244099120102,0.007324322037711797
M3R,EL150800460604,4.9C(69%)-4.25C,5,5,492,0.0006112390007081885,0.02472324818279727,0.014150742560747269
M3R,EL150800460627,5.6C(58%)-3.5C,5,5,453,0.000142383016134423,0.011932435465336613,0.01092833630679793
M3R,EL150800460640,6C(40%)-3.6C,5,5,725,0.0005208945903719317,0.02282311526439657,0.015056146711978559
M3R,EL150800460641,5.2C(58%)-4C,5,5,514,0.000288293029266717,0.016979194011104207,0.014490122935185841
M3R,EL150800463871,5.4C(60%)-3.6C,5,5,553,0.0020313023156876093,0.045069971330006516,0.03373423139115028
M3R,EL150800453113,5.4C(50%)-3C,10,1,708,0.00024457825004267826,0.015638997731398208,0.011783427037202521
M3R,EL150800460478,4.4C(24%)-5C,10,1,483,8.312738642835403e-05,0.009117422137224647,0.005764556260830164
M3R,EL150800460511,5.6C(38%)-4.25C,10,1,467,0.00013154994312620982,0.011469522358241856,0.008661454104269254
M3R,EL150800460518,1C(4%)-6C,10,1,289,0.006156993143824055,0.07846650969569154,0.06331872796174033
M3R,EL150800460608,5.2C(37%)-4.5C,10,1,481,0.00027598603064030457,0.016612827292195168,0.009216237535572797
M3R,EL150800460611,4.8C(80%)-4.8C,10,1,450,0.001801928212959973,0.04244912499639979,0.027114439215255352
M3R,EL150800460613,6C(4%)-4.75C,10,1,476,6.3948568339300735e-06,0.0025288054163834102,0.0020520105441594284
M3R,EL150800460614,4.9C(27%)-4.75C,10,1,457,0.0002106961734361033,0.014515377137232891,0.008945600738763387
M3R,EL150800465027,4.8C(80%)-4.8C,10,1,859,0.00020720736070106515,0.014394699048645135,0.00820043556325877
M3R,EL150800460486,3.6C(80%)-3.6C,10,2,2149,0.00834283415326264,0.09133911622772929,0.07224002695309967
M3R,EL150800460498,6C(31%)-4.25C,10,2,451,0.0004065559236338935,0.020163231973914637,0.01101663125399031
M3R,EL150800460501,4.65C(69%)-6C,10,2,516,4.0381681366421406e-05,0.006354658241512395,0.00521427283401075
M3R,EL150800460522,5.4C(50%)-3.6C,10,2,846,0.0046142270378507644,0.06792810197444622,0.04797830005579527
M3R,EL150800460525,6C(50%)-3C,10,2,731,0.0012521476143355168,0.03538569787831684,0.023148300704678753
M3R,EL150800460618,7C(40%)-3C,10,2,691,0.00045211083591953187,0.021262898107255554,0.011211787035434594
M3R,EL150800460659,5.4C(80%)-5.4C,10,2,859,0.0007434489374885376,0.027266260056864007,0.016985046064768732
M3R,EL150800464977,4C(80%)-4C,10,2,1423,0.005992408693802644,0.077410649744093,0.05504359725329106
M3R,EL150800460485,7C(40%)-3.6C,10,3,605,0.00011502134292422745,0.0107248003675699,0.0065934538174686865
M3R,EL150800460506,6C(50%)-3.6C,10,3,693,0.00209925098585266,0.04581758380635823,0.025871781076237957
M3R,EL150800460507,6C(30%)-3.6C,10,3,849,0.000757254782863719,0.027518262715217307,0.01647081751924439
M3R,EL150800460603,4.65C(19%)-4.85C,10,3,478,0.0001288459804579523,0.011351034334277749,0.009345052235488366
M3R,EL150800460630,5.4C(70%)-3C,10,3,1006,0.0007048021349480543,0.0265481098187433,0.016124862973017556
M3R,EL150800460634,3.6C(30%)-6C,10,3,500,0.0033343294960086656,0.05774365329634648,0.04357486180555495
M3R,EL150800463208,4C(40%)-6C,10,3,472,0.0005304294198109764,0.023031053380403083,0.016550930968435205
M3R,EL150800463882,5.4C(40%)-3.6C,10,3,777,0.000666727851007168,0.02582107377719153,0.013012929019584504
M3R,EL150800460466,4C(13%)-5C,10,4,466,0.00012934987192048035,0.011373208514771914,0.007835191870848851
M3R,EL150800460513,5.6C(65%)-3C,10,4,418,0.0005979822074534499,0.024453674722901053,0.012870913427948764
M3R,EL150800460615,6C(40%)-3C,10,4,698,0.00028089171198939546,0.016759824342438542,0.010897952803749547
M3R,EL150800460628,5.2C(71%)-3C,10,4,452,0.0009888670230563672,0.03144625610555837,0.017545707036958697
M3R,EL150800460655,3.6C(22%)-5.5C,10,4,433,0.001001326759556158,0.03164374755865933,0.02528003622753988
M3R,EL150800463229,7C(30%)-3.6C,10,4,955,0.00037469327396890377,0.01935699547886768,0.011243129020533264
M3R,EL150800464881,5.4C(60%)-3C,10,4,777,0.0010311558892186236,0.032111616110352084,0.019098364288434467
M3R,EL150800464883,4.4C(80%)-4.4C,10,4,1063,0.0015723205847104067,0.039652497836963646,0.023000357849654967
M3R,EL150800440551,4.4C(55%)-6C,10,5,450,0.002158930782493273,0.04646429578174271,0.03242080215774081
M3R,EL150800453773,6C(60%)-3C,10,5,606,0.0004943823700191495,0.022234710927267514,0.010569322433129249
M3R,EL150800460602,2C(2%)-5C,10,5,427,0.0004519621325141565,0.021259401038461936,0.012644901285833359
M3R,EL150800460604,4.9C(69%)-4.25C,10,5,487,0.0003557825469874259,0.018862198890570153,0.011289137875035691
M3R,EL150800460627,5.6C(58%)-3.5C,10,5,448,0.001026514158565378,0.032039259644463976,0.016031874953801494
M3R,EL150800460640,6C(40%)-3.6C,10,5,720,0.00015973828530940325,0.012638761225270587,0.008515722210538973
M3R,EL150800460641,5.2C(58%)-4C,10,5,509,0.00036999517982948726,0.019235258766896985,0.011168847336394193
M3R,EL150800463871,5.4C(60%)-3.6C,10,5,548,0.00207326666194591,0.04553313806389704,0.03464272671082427
M3R,EL150800453113,5.4C(50%)-3C,20,1,698,0.00020257403347460372,0.014232850504189374,0.010793436133327497
M3R,EL150800460478,4.4C(24%)-5C,20,1,473,0.0009100747656511353,0.030167445461144624,0.01843823945776535
M3R,EL150800460511,5.6C(38%)-4.25C,20,1,457,0.00010059330267809879,0.01002962126294402,0.007751881252873989
M3R,EL150800460518,1C(4%)-6C,20,1,279,0.005955891035255992,0.07717441956539739,0.06297089732718242
M3R,EL150800460608,5.2C(37%)-4.5C,20,1,471,0.0005704510374354686,0.02388411684436895,0.01261669776977687
M3R,EL150800460611,4.8C(80%)-4.8C,20,1,440,0.001842729537855069,0.04292702572803139,0.027997069624543545
M3R,EL150800460613,6C(4%)-4.75C,20,1,466,2.7919593509488204e-05,0.005283899460577217,0.0032557445565693983
M3R,EL150800460614,4.9C(27%)-4.75C,20,1,447,0.0007440309695559634,0.027276931087568547,0.016008635197806854
M3R,EL150800465027,4.8C(80%)-4.8C,20,1,849,5.882279768694648e-06,0.0024253411654228457,0.0020981759921849872
M3R,EL150800460486,3.6C(80%)-3.6C,20,2,2139,0.0058598401195877866,0.07654959255010954,0.05577151233350859
M3R,EL150800460498,6C(31%)-4.25C,20,2,441,0.0004394844434653984,0.020963884264739642,0.014634587248095373
M3R,EL150800460501,4.65C(69%)-6C,20,2,506,0.00021981192146167767,0.014826055492330981,0.00894965774166554
M3R,EL150800460522,5.4C(50%)-3.6C,20,2,836,0.004326433849847401,0.06577563264498032,0.045927566773192624
M3R,EL150800460525,6C(50%)-3C,20,2,721,0.00011270053893082964,0.010616051004532223,0.005890938653844107
M3R,EL150800460618,7C(40%)-3C,20,2,681,0.0006888879210214763,0.026246674475473578,0.013503722889080225
M3R,EL150800460659,5.4C(80%)-5.4C,20,2,849,0.0004632111226504266,0.021522340083049207,0.0137718595099858
M3R,EL150800464977,4C(80%)-4C,20,2,1413,0.004307748905021256,0.06563344349507541,0.04421659084721961
M3R,EL150800460485,7C(40%)-3.6C,20,3,595,6.156741000254868e-05,0.007846490298378549,0.004280175601085152
M3R,EL150800460506,6C(50%)-3.6C,20,3,683,0.002126893199922803,0.046118252351133204,0.02634185224278526
M3R,EL150800460507,6C(30%)-3.6C,20,3,839,0.00033315430822282774,0.018252515120465666,0.01065821572002234
M3R,EL150800460603,4.65C(19%)-4.85C,20,3,468,0.0001364681443180032,0.011681958068663113,0.009921995744291848
M3R,EL150800460630,5.4C(70%)-3C,20,3,996,0.000504066882266677,0.02245143385769998,0.014196817537034353
M3R,EL150800460634,3.6C(30%)-6C,20,3,490,0.002435025426771957,0.04934597680431463,0.03727280739368541
M3R,EL150800463208,4C(40%)-6C,20,3,462,0.00031255590013989443,0.017679250553682822,0.014425433834004757
M3R,EL150800463882,5.4C(40%)-3.6C,20,3,767,0.0012661897174640702,0.03558355965139056,0.019334207202500106
M3R,EL150800460466,4C(13%)-5C,20,4,456,0.0001366000132061706,0.011687600831914589,0.008204097935921825
M3R,EL150800460513,5.6C(65%)-3C,20,4,408,9.190203535607252e-05,0.00958655492635767,0.005506462343736461
M3R,EL150800460615,6C(40%)-3C,20,4,688,4.285231256850002e-05,0.006546167777295356,0.0046965857466897375
M3R,EL150800460628,5.2C(71%)-3C,20,4,442,0.0008494783021757222,0.029145811057092273,0.016700074438484445
M3R,EL150800460655,3.6C(22%)-5.5C,20,4,423,0.0008852651008996078,0.029753404862294462,0.024438686620802057
M3R,EL150800463229,7C(30%)-3.6C,20,4,945,0.00065014665282034,0.02549797350418931,0.015203101436129803
M3R,EL150800464881,5.4C(60%)-3C,20,4,767,0.0006264687952160636,0.025029358665696243,0.014732730852511394
M3R,EL150800464883,4.4C(80%)-4.4C,20,4,1053,0.0024574755847579888,0.0495729319766139,0.030452588812375128
M3R,EL150800440551,4.4C(55%)-6C,20,5,440,0.003898635992894457,0.06243905823196292,0.04680281995663456
M3R,EL150800453773,6C(60%)-3C,20,5,596,0.0003850184927409204,0.019621888103363558,0.009471677723948187
M3R,EL150800460602,2C(2%)-5C,20,5,417,0.00039073465541705185,0.019767009268401022,0.012019444559261325
M3R,EL150800460604,4.9C(69%)-4.25C,20,5,477,0.0010620715058231847,0.032589438562564785,0.01593340151444797
M3R,EL150800460627,5.6C(58%)-3.5C,20,5,438,0.0012565431043007648,0.03544775175241393,0.017165864216407995
M3R,EL150800460640,6C(40%)-3.6C,20,5,710,1.1446881784241882e-05,0.0033833240731922032,0.002283446929829777
M3R,EL150800460641,5.2C(58%)-4C,20,5,499,0.0006251431920517439,0.025002863677021956,0.012955930501101666
M3R,EL150800463871,5.4C(60%)-3.6C,20,5,538,0.0005327457474585489,0.02308128565436832,0.01992984661233791
M3R,EL150800453113,5.4C(50%)-3C,50,1,668,0.0005921534666144069,0.024334203636330633,0.016678962433508467
M3R,EL150800460478,4.4C(24%)-5C,50,1,443,0.00053045418793185,0.023031591085547042,0.01327354949364452
M3R,EL150800460511,5.6C(38%)-4.25C,50,1,427,0.00013169427318446736,0.01147581252829042,0.009222727499557179
M3R,EL150800460518,1C(4%)-6C,50,1,249,0.006162458486989206,0.07850132793137454,0.06521554325583788
M3R,EL150800460608,5.2C(37%)-4.5C,50,1,441,1.9669624252157867e-05,0.004435045011288822,0.002969744161692796
M3R,EL150800460611,4.8C(80%)-4.8C,50,1,410,0.0017744109218902173,0.042123757214785784,0.028161358016766756
M3R,EL150800460613,6C(4%)-4.75C,50,1,436,0.00018942027701063035,0.013763003923948811,0.008060007817872689
M3R,EL150800460614,4.9C(27%)-4.75C,50,1,417,2.739599121676108e-05,0.005234117997978368,0.0034973230138986415
M3R,EL150800465027,4.8C(80%)-4.8C,50,1,819,0.000621221526199114,0.02492431596251167,0.014966142816376099
M3R,EL150800460486,3.6C(80%)-3.6C,50,2,2109,0.008024939936070992,0.08958202909105704,0.07021025021496127
M3R,EL150800460498,6C(31%)-4.25C,50,2,411,0.0002606550795349476,0.016144815871819276,0.00894667511487778
M3R,EL150800460501,4.65C(69%)-6C,50,2,476,0.000364870367574616,0.019101580237629975,0.010849744479228467
M3R,EL150800460522,5.4C(50%)-3.6C,50,2,806,0.004582171029997314,0.06769173531530503,0.048005928464484725
M3R,EL150800460525,6C(50%)-3C,50,2,691,0.0006849405957882899,0.02617136977286993,0.017679576483326846
M3R,EL150800460618,7C(40%)-3C,50,2,651,0.0002879478016263443,0.016969024769454027,0.009549703122804095
M3R,EL150800460659,5.4C(80%)-5.4C,50,2,819,0.001632624751176023,0.040405751461592976,0.026113356602673075
M3R,EL150800464977,4C(80%)-4C,50,2,1383,0.005908027011893524,0.07686369111546441,0.054610129437589576
M3R,EL150800460485,7C(40%)-3.6C,50,3,565,0.0012277623408842927,0.03503943979124513,0.02291156477995512
M3R,EL150800460506,6C(50%)-3.6C,50,3,653,0.0020912292007867622,0.04572995955374072,0.026454936644871876
M3R,EL150800460507,6C(30%)-3.6C,50,3,809,0.0006043977886584262,0.024584503018333037,0.014921905961413687
M3R,EL150800460603,4.65C(19%)-4.85C,50,3,438,7.287756879878398e-05,0.008536835994605026,0.0071479454736955005
M3R,EL150800460630,5.4C(70%)-3C,50,3,966,0.000134014849789762,0.011576478298246061,0.008333371779876489
M3R,EL150800460634,3.6C(30%)-6C,50,3,460,0.003956425603354271,0.06290012403290053,0.049211520896539074
M3R,EL150800463208,4C(40%)-6C,50,3,432,0.0006261026951646029,0.025022044184370765,0.01727079318024389
M3R,EL150800463882,5.4C(40%)-3.6C,50,3,737,0.0017002997173606615,0.04123469070286161,0.023947825987749593
M3R,EL150800460466,4C(13%)-5C,50,4,426,0.00015893302375167103,0.012606864152185945,0.009099008318320397
M3R,EL150800460513,5.6C(65%)-3C,50,4,378,0.0006642702072882624,0.025773439958380846,0.013578342788849757
M3R,EL150800460615,6C(40%)-3C,50,4,658,0.00035931762025611974,0.018955675146407204,0.012580188687923998
M3R,EL150800460628,5.2C(71%)-3C,50,4,412,0.001068370760423188,0.03268594132686388,0.019524993236973116
M3R,EL150800460655,3.6C(22%)-5.5C,50,4,393,0.0008956532008706068,0.029927465660670415,0.02458477764516876
M3R,EL150800463229,7C(30%)-3.6C,50,4,915,0.0007283391188967304,0.026987758686054877,0.01641103934946793
M3R,EL150800464881,5.4C(60%)-3C,50,4,737,0.001327588330361531,0.03643608555212169,0.02243958621167286
M3R,EL150800464883,4.4C(80%)-4.4C,50,4,1023,0.0032237599881966513,0.05677816471317694,0.036493230720991275
M3R,EL150800440551,4.4C(55%)-6C,50,5,410,0.003105705317615443,0.05572885534097612,0.04086653761147136
M3R,EL150800453773,6C(60%)-3C,50,5,566,0.00029973604402064855,0.017312886646098292,0.008836692413736462
M3R,EL150800460602,2C(2%)-5C,50,5,387,0.00036333254841286445,0.019061284017947596,0.012108979078844326
M3R,EL150800460604,4.9C(69%)-4.25C,50,5,447,0.0006699933330578415,0.025884229427546063,0.013385830993971073
M3R,EL150800460627,5.6C(58%)-3.5C,50,5,408,0.0011240805571277968,0.03352731061579197,0.016531552320722284
M3R,EL150800460640,6C(40%)-3.6C,50,5,680,0.00033995909315487306,0.018437979638639183,0.012401611981015697
M3R,EL150800460641,5.2C(58%)-4C,50,5,469,0.0005115410466608582,0.022617273192426585,0.0122316478643111
M3R,EL150800463871,5.4C(60%)-3.6C,50,5,508,0.0023830686715338597,0.04881668435621022,0.03735196808948373
M3R,EL150800453113,5.4C(50%)-3C,100,1,618,8.11484768755625e-05,0.009008244938697132,0.00711035299808042
M3R,EL150800460478,4.4C(24%)-5C,100,1,393,0.0005035965182199703,0.02244095626794835,0.016110213539695058
M3R,EL150800460511,5.6C(38%)-4.25C,100,1,377,0.0003150209936275764,0.01774883076790064,0.009497075753531472
M3R,EL150800460518,1C(4%)-6C,100,1,199,0.004436953617361845,0.06661046177112005,0.055491793600983066
M3R,EL150800460608,5.2C(37%)-4.5C,100,1,391,0.0007960174649837411,0.02821378147260202,0.016113132636755494
M3R,EL150800460611,4.8C(80%)-4.8C,100,1,360,0.0024882496433798725,0.04988235803748528,0.034812182582818714
M3R,EL150800460613,6C(4%)-4.75C,100,1,386,7.715470751474974e-05,0.00878377524272734,0.005996414955753194
M3R,EL150800460614,4.9C(27%)-4.75C,100,1,367,0.000664846782435196,0.025784622984158526,0.0171392455070206
M3R,EL150800465027,4.8C(80%)-4.8C,100,1,769,0.00016992995438302026,0.013035718406862748,0.007722056444298252
M3R,EL150800460486,3.6C(80%)-3.6C,100,2,2059,0.006619833984089107,0.08136236220814332,0.06169290036142218
M3R,EL150800460498,6C(31%)-4.25C,100,2,361,6.116771921046686e-05,0.007820979427825319,0.0059131286470513215
M3R,EL150800460501,4.65C(69%)-6C,100,2,426,0.00018207850333292725,0.013493646776647418,0.007847168808381863
M3R,EL150800460522,5.4C(50%)-3.6C,100,2,756,0.004051488704684365,0.06365130560078375,0.04551217609518114
M3R,EL150800460525,6C(50%)-3C,100,2,641,0.00039866478825946396,0.01996659180379726,0.014654073236764488
M3R,EL150800460618,7C(40%)-3C,100,2,601,0.0004947345198744133,0.02224262843897756,0.012648230305075059
M3R,EL150800460659,5.4C(80%)-5.4C,100,2,769,8.636813513867305e-05,0.009293445816201494,0.006993392533661199
M3R,EL150800464977,4C(80%)-4C,100,2,1333,0.004466310621369612,0.06683046177731837,0.04622390938661197
M3R,EL150800460485,7C(40%)-3.6C,100,3,515,0.0006465996637477905,0.025428324045201848,0.01698161794404908
M3R,EL150800460506,6C(50%)-3.6C,100,3,603,0.0020594799305928605,0.0453814932609413,0.02614496011919459
M3R,EL150800460507,6C(30%)-3.6C,100,3,759,0.0003518134695073961,0.018756691326227985,0.012002130833278493
M3R,EL150800460603,4.65C(19%)-4.85C,100,3,388,0.00013144821987907574,0.011465086998321284,0.01015159402267007
M3R,EL150800460630,5.4C(70%)-3C,100,3,916,0.0015814218251320906,0.039767094753477915,0.024951325153153084
M3R,EL150800460634,3.6C(30%)-6C,100,3,410,0.004831917943377774,0.06951199855692379,0.05768999285575452
M3R,EL150800463208,4C(40%)-6C,100,3,382,0.00017777105504765612,0.01333308122857039,0.011485515962776227
M3R,EL150800463882,5.4C(40%)-3.6C,100,3,687,0.0015929370951504771,0.03991161604283241,0.023109238445031502
M3R,EL150800460466,4C(13%)-5C,100,4,376,0.0001441146813899601,0.012004777440251031,0.008652838656728392
M3R,EL150800460513,5.6C(65%)-3C,100,4,328,0.00043945396427677645,0.02096315730697016,0.011783290871338453
M3R,EL150800460615,6C(40%)-3C,100,4,608,7.169411020104449e-05,0.008467237459823865,0.006674344949465089
M3R,EL150800460628,5.2C(71%)-3C,100,4,362,0.0011053784637628037,0.0332472324226063,0.02074140441073277
M3R,EL150800460655,3.6C(22%)-5.5C,100,4,343,0.001206917224143826,0.034740714214647715,0.027945643241551184
M3R,EL150800463229,7C(30%)-3.6C,100,4,865,0.00077256049173492,0.027794972418315512,0.017737805636732648
M3R,EL150800464881,5.4C(60%)-3C,100,4,687,0.0014233570927609214,0.037727405062645394,0.024370794980006744
M3R,EL150800464883,4.4C(80%)-4.4C,100,4,973,0.0023941336005103646,0.048929884533997874,0.03091832264010791
M3R,EL150800440551,4.4C(55%)-6C,100,5,360,0.0029766318095187354,0.05455851729582408,0.04069036325163488
M3R,EL150800453773,6C(60%)-3C,100,5,516,0.0005201727917383142,0.022807296896789724,0.011439548968162168
M3R,EL150800460602,2C(2%)-5C,100,5,337,0.0012933825108823647,0.03596362761016142,0.024084787746987017
M3R,EL150800460604,4.9C(69%)-4.25C,100,5,397,0.0009784809945546943,0.031280680851840395,0.015676458504346475
M3R,EL150800460627,5.6C(58%)-3.5C,100,5,358,0.001299810612098273,0.036052886321323474,0.018438376336197375
M3R,EL150800460640,6C(40%)-3.6C,100,5,630,0.00038090625484497246,0.019516819793321157,0.013180896559833379
M3R,EL150800460641,5.2C(58%)-4C,100,5,419,0.0005080101161181023,0.022539079753133275,0.011732321556720536
M3R,EL150800463871,5.4C(60%)-3.6C,100,5,458,0.0014199072211989088,0.03768165629585447,0.03005569699252266
